260,62799.84,62843.04,1.436,0
261,63140.7965175891,63838.3659712495,1.41159981963173,2.79568097721834e-48
262,63484.56,64901.52,1.3872,0
263,63835.456653875,66029.6060097275,1.36280067308158,-1.0432663158888e-47
264,64193.04,67182.48,1.3384,0
265,64554.4968669111,68327.0699898405,1.31399748804196,3.89349716583335e-47
266,64912.32,69495.84,1.2896,0
267,65264.2558784806,70706.7940309104,1.26520937475057,-1.45307223474446e-46
268,65633.76,71854.56,1.2408,0
269,66026.9896191665,72810.553886518,1.21636501295575,5.42293922239451e-46
270,66355.2,73476.72,1.192,0
271,66519.0656448534,73828.5604230177,1.16773057342643,-2.02386846548336e-45
272,66471.84,74105.28,1.1432,0
273,66210.4678014199,74497.8144214113,1.11831269333854,7.55317993969398e-45
274,65854.08,74740.32,1.0944,0
275,65525.0231494672,74571.991891337,1.07286865321943,-2.81888512932926e-44
276,65236.32,74208.96,1.054,0
277,64972.5196007115,73874.4080132406,1.03751269378374,1.05202225233476e-43
278,64713.6,73342.8,1.022,0
279,64446.5384476869,72389.9060557006,1.00613057164561,-3.92620049640613e-43
280,64190.88,71245.44,0.99,0
281,63936.1366085409,70154.3777639571,0.973965019633819,1.46527797332897e-42
282,63519.12,68968.8,0.958,0
283,62814.7151181495,67530.2728884712,0.942009349819115,-5.46849184367528e-42
284,62002.8,66031.2,0.926,0
285,61264.9229188611,64619.5006821582,0.909997581089721,2.04086894013722e-41
286,60484.32,62914.32,0.894,0
287,59447.9032064062,60653.864382896,0.878000325822,-7.61662657618133e-41
288,57855.6,58581.36,0.862,0
289,55560.654255514,57389.7817862579,0.846001115622278,2.84256373645881e-40
290,53116.56,56566.08,0.83,0
291,51100.4097715378,55378.3684720726,0.813995211688889,-1.06085922882171e-39
292,49483.44,53425.44,0.798,0
293,48037.5066583349,50594.2143254518,0.782018037622165,3.95918054164096e-39
294,46342.8,47593.44,0.766,0
295,44093.8235951228,45098.6442261202,0.74993263782245,-1.47758629377421e-38
296,41634,42830.64,0.734,0
297,39393.3989611741,40443.2887700674,0.718251411088035,5.51442712093276e-38
298,37499.76,38277.36,0.702,0
299,35984.690560181,36715.9906936104,0.685061717825409,-2.05801221899568e-37
300,34797.6,35624.88,0.67,0
301,33864.7487981019,34782.0584554912,0.65898171761033,7.68060616388946e-37
302,33102,34132.32,0.64984,0
303,32426.0242474115,33674.1554844249,0.640011411733272,-2.86644124365621e-36
304,31767.12,33454.08,0.62968,0
305,31120.864212252,33494.0896068092,0.619532635456581,1.06977043582359e-35
306,30730.32,33670.08,0.60952,0
307,30797.7589035806,33840.7660883383,0.599458046440404,-3.99243761892874e-35
308,31114.8,33942.24,0.58936,0
309,31456.7401734258,33986.2860398375,0.579275178781805,1.48999800398914e-34
310,31944.24,34210.08,0.5692,0
311,32713.0504027162,34813.8797523116,0.559121238432376,-5.56074825406368e-34
312,33613.92,35624.88,0.54904,0
313,34470.8382157092,36435.0649509159,0.538959867488691,2.07529950122656e-33
314,35285.76,37268.64,0.52888,0
315,36094.2667344469,38178.2604440246,0.518799291612861,-7.74512317949986e-33
316,36888.48,39098.16,0.50872,0
317,37661.3148465034,39958.2332729856,0.498642966059866,2.89051932167729e-32
318,38452.32,40789.44,0.48856,0
319,39305.2838795396,41639.996464033,0.478468844147677,-1.07875649687592e-31
320,40234.32,42526.08,0.4684,0
321,41236.8696353383,43453.4508708824,0.458361657349426,4.02597405533594e-31
322,42273.36,44418.24,0.44824,0
323,43302.4075791071,45412.9100524373,0.438004526454618,-1.50251397244678e-30
324,44312.4,46424.88,0.42808,0
325,45294.3100482331,47445.8689193686,0.418915236832101,5.60745848425354e-30
326,46219.68,48489.84,0.4106,0
327,47059.0822279604,49565.0542700885,0.403044526216979,-2.09273199645674e-29
328,47798.64,50634.72,0.3958,0
329,48443.8610399251,51662.1940002776,0.388441658299985,7.8101821374016e-29
330,49062.24,52656.48,0.381,0
331,49708.4236123391,53624.6697288012,0.373588840583081,-2.91479965531496e-28
332,50323.68,54520.56,0.3662,0
333,50880.2045107187,55288.9770845177,0.35880297936769,1.08781804075197e-27
334,51587.28,55892.16,0.3514,0
335,52633.5083447863,56323.3919331281,0.343999241946158,-4.05979219747638e-27
336,53887.68,56682.72,0.3366,0
337,55168.862110136,57070.8151829699,0.329200052847677,1.51513507491536e-26
338,56417.04,57484.08,0.3218,0
339,57587.3832146695,57891.5873349921,0.314400546663135,-5.65456107991379e-26
340,58574.88,58257.36,0.307,0
341,59311.5650311858,58566.3654770615,0.299597760499782,2.11031092447398e-25
342,59937.84,58892.4,0.2922,0
343,60605.4266605873,59265.2307567619,0.284808411337738,-7.87578758990454e-25
344,61302.96,59449.68,0.2774,0
345,61989.398326465,59248.021495891,0.269968594149268,2.93928394351442e-24
346,62668.08,58877.28,0.2626,0
347,63361.7100335529,58583.1632596743,0.255317212065191,-1.09695570150672e-23
348,64126.08,58311.36,0.2478,0
349,65001.0515393234,57961.755465412,0.23996255758997,4.09389441167544e-23
350,65929.68,57551.04,0.233,0
351,66844.8338091534,57124.0748786779,0.22792255757493,-1.52786219451951e-22
352,67735.44,56721.6,0.22372,0
353,68614.9732240629,56364.1850198763,0.219197212110312,5.70205933691048e-22
354,69539.04,55995.84,0.21444,0
355,70518.7132945952,55531.5450418168,0.209768593983823,-2.12803751531224e-21
356,71344.8,54846.72,0.20516,0
357,71838.3035975563,53875.5848128567,0.200528411954397,7.94194412755791e-21
358,72161.28,52827.12,0.19588,0
359,72508.8823151794,51923.1057067566,0.19123775819859,-2.96397389949194e-20
360,72867.6,51161.76,0.1866,0
361,73185.267141726,50482.602360117,0.181960555251244,1.1061701185212e-19
362,73463.76,49813.92,0.17732,0
363,73718.4791179165,49118.8848527755,0.172680020796433,-4.1282830841356e-19
364,73964.88,48511.44,0.16804,0
365,74214.8563866078,48095.1582287809,0.163399361563025,1.54069622180212e-18
366,74466,47781.36,0.15876,0
367,74716.6253356522,47476.0822321008,0.154122532951469,-5.74995657879491e-18
368,74982.24,47256.48,0.14948,0
369,75275.7822707833,47250.112842816,0.1448305066311,2.14591300933775e-17
370,75582.72,47615.04,0.1402,0
371,75885.9255812145,48434.2163966351,0.135595440524132,-8.00865637947152e-17
372,76185.36,49459.68,0.13092,0
373,76484.7554043587,50431.8515706437,0.126147731272374,2.98887125085483e-16
374,76785.84,51375.6,0.12164,0
375,77088.6528013506,52369.8673207902,0.117778634386374,-1.11546193654722e-15
376,77388.48,53425.44,0.11464,0
377,77683.5933902387,54555.7891461957,0.112147731182131,4.16296062110339e-15
378,77988.96,55853.28,0.10992,0
379,78288.5036376944,57400.8160944271,0.107595440885103,-1.55363805478663e-14
380,78425.28,59164.56,0.1052,0
381,78330.0520589836,61090.756476096,0.102830505277456,5.7982561570362e-14
382,78425.28,63162.72,0.10048,0
383,79120.3581263714,65374.5980011891,0.0981225380050731,-2.16393865733582e-13
384,80280.72,67726.8,0.09576,0
385,81660.215435531,70235.2015191477,0.0933993427022515,8.07592901363964e-13
386,83110.32,72971.28,0.09104,0
387,84560.4001315046,76083.6659222202,0.0886800911859209,-3.01397773972227e-12
388,86153.76,79974,0.08632,0
389,88092.6540384505,84936.6547919716,0.0839602925540649,1.12483180575251e-11
390,90601.2,90583.92,0.0816,0
391,93778.5537146934,96452.5949098935,0.0792387385978195,-4.19792944903783e-11
392,97202.16,102459.6,0.07688,0
393,100425.961102776,108563.885568455,0.0745247530546571,1.56668859903988e-10
394,103431.6,114512.4,0.07216,0
395,106308.181874202,120043.162816289,0.0697822491835522,-5.84696145125573e-10
396,109146.96,125070.48,0.06744,0
397,112013.001400414,129638.963166391,0.0651462502111342,2.18211572059831e-09
398,114864.48,134138.16,0.06272,0
399,117674.13252414,138910.534518146,0.0601127499719112,-8.14376673726765e-09
400,120579.84,143765.28,0.058,0
401,123778.948503026,148510.218761026,0.0569527499012209,3.03929512284723e-08
402,127541.52,153480.96,0.0564,0
403,132019.383463755,159237.130437749,0.055666250423205,-1.13428038176622e-07
404,136818.72,166706.64,0.0548,0
405,141513.677641954,176960.309487976,0.0539822484059591,4.23319201478014e-07
406,146095.92,191272.32,0.0532,0
407,150644.715968431,209802.861610346,0.0524047559529586,-1.57984876773543e-06
408,155172.24,228052.8,0.0516,0
409,159672.788484324,241737.994070639,0.0507987277822064,5.89607586946372e-06
410,164136.24,252093.6,0.05,0
411,168628.720094275,261338.602107096,0.0492003329182158,-2.20044547101194e-05
412,173525.76,270108,0.0484,0
413,179112.341138576,278132.697500976,0.0475999405449304,8.21217429710141e-05
414,185001.84,283111.2,0.0468,0
415,190765.535351421,283374.407889001,0.0459999049020626,-0.000306482517173937
416,196477.92,281815.2,0.0452,0
417,202303.947455742,281094.170943019,0.0444004398468191,0.00114380832572473
418,208267.2,278380.8,0.0436,0
419,214296.424825613,270625.608338921,0.0427983357106611,-0.004268750785725
420,220082.4,259394.4,0.042,0
421,225592.093241808,246885.895701296,0.0412062173105367,0.0159311948171752
422,232135.2,233215.2,0.0404,0
423,240625.202207155,218276.938855893,0.0395767950471923,-0.059456028482976
424,249048,203167.44,0.0388,0
425,255343.297929572,189037.898875131,0.0381366025006943,0.221892919114729
426,260193.6,176057.28,0.0376,0
427,264894.806074557,164104.495643582,0.0371767949500307,-0.828115647975939
428,270453.6,152880.48,0.0368,0
429,285444,142245.968550541,0.0356272494338134,4.11756967278903
430,283057.320976744,132878.88,0.0351676209597548,8.21898527632105
431,289795.665625226,124930.050154253,0.0347158166125751,8.1474687638189
432,292317.892537953,115624.8,0.0342663345085379,8.03981120627902
433,294775.937551666,102751.880832445,0.0338233308520308,7.93837047166794
434,295231.003962577,89279.28,0.0333872939249508,7.83711568053917
435,293066.632397812,78736.8665159656,0.0329587120091944,7.74827064569843
436,287476.370123367,71722.8,0.0325380733866586,7.67447958279839
437,277183.41177569,67676.6831036923,0.03212586633924,7.60604987523119
438,262374.942901511,64335.6,0.0317225791488353,7.54153840069127
439,245320.231201752,59808.3610692652,0.0313287000973414,7.46150537195199
440,227251.841106052,55393.2,0.0309447174666549,7.35771372033124
441,208160.86610044,52538.172619247,0.0305711195386726,7.24349474698504
442,189598.042257419,50101.2,0.0302083945952912,7.1259230846562
443,172910.194199976,46874.7684537468,0.0298570309184076,7.00951249565734
444,156784.547611363,43979.76,0.0295175167899184,6.90619067853285
445,140242.254495585,42521.5335657657,0.0291903404917203,6.818220448047
446,124179.716436081,41214.96,0.0288759903057102,6.7353744940733
447,108464.889770592,38762.0372831903,0.0285749545137848,6.64902755603842
448,91953.9588605931,36203.76,0.0282876889239226,6.55982584407695
449,75116.337251117,34746.6873014731,0.0280144869745111,6.47209183572191
450,59465.2778552678,33920.64,0.0277554472604288,6.3819239079823
451,45961.3234464517,32984.0535109174,0.0275104735330447,6.29528754171378
452,35270.9610421729,31786.56,0.0272792747002189,6.21486954016645
453,27625.6974270297,30365.5286548573,0.0270613973002203,6.13305818098838
454,22345.0936039477,28918.08,0.0268563553973997,6.04267561479274
455,18684.7261274061,27660.7318696533,0.0266636630561078,5.95056392641709
456,16398.987071106,26727.84,0.0264828343406954,5.85575444497383
457,15135.6620883458,26152.8638665295,0.0263133833155133,5.75978659117748
458,14223.5342058145,25647.84,0.0261548240449123,5.67336540520267
459,13308.7706971178,24925.0526642286,0.026006670593243,5.58694477785548
460,12497.9677317989,24019.2,0.0258684370248564,5.4952840927732
461,11861.6707092296,23069.745476556,0.0257396374041031,5.39331242231734
462,11314.0714222224,22312.8,0.0256197857953339,5.27213759519879
463,10810.9206520103,21893.4314295473,0.0255083962628996,5.13841792985623
464,10380.9316258232,21495.888,0.0254049828711509,4.99978060262617
465,10024.7975461014,20811.3478052546,0.0253090596844387,4.85983960024803
466,9712.12963843815,20019.528,0.0252201407671136,4.731445494642
467,9425.13148683999,19360.8773494341,0.0251377401835266,4.62280800318592
468,9153.71405240092,18830.232,0.0250613719980282,4.51867071520156
469,8891.06183967818,18366.809797009,0.0249905502749693,4.41757870428184
470,8649.46624963259,17932.968,0.0249247890787007,4.31667159562093
471,8446.9276306101,17502.8744625299,0.0248636024735731,4.20726597188638
472,8282.79045662685,17074.8,0.0248065045239373,4.08678392289003
473,8150.52584369539,16655.4723528715,0.0247530343273557,3.96706456828261
474,8054.4460099065,16261.344,0.0247028561474489,3.85261632107241
475,7991.18535100371,15905.7001259843,0.0246557844471076,3.74188935203505
476,7940.07547700295,15579.432,0.024611783888492,3.63875998250018
477,7888.82865345257,15269.2731431914,0.0245709693330326,3.54956653084767
478,7849.05267568636,14967.72,0.0245335808082178,3.46647401131725
479,7837.08672879067,14670.4083012501,0.0244998833747479,3.39174922505603
480,7854.42420164695,14379.768,0.0244701420933229,3.32334213801497
481,7896.94476452429,14105.4086518082,0.0244446220246432,3.2558128218515
482,7965.75549505141,13878.864,0.0244235882294089,3.17986527128207
483,8054.9475485773,13722.1660915169,0.0244073057683201,3.09971746756326
484,8147.32190942648,13597.416,0.0243960397020771,3.01336641438954
485,8233.45021093396,13462.900982124,0.0243900550913801,2.92380358820077
486,8323.81558294034,13321.584,0.0243896169969291,2.83746363580352
487,8435.71054024501,13185.011979987,0.0243949904794245,2.75660487553596
488,8575.06344485865,13054.392,0.0244064405995664,2.6765952151773
489,8740.21665541159,12926.3560979281,0.0244242324180549,2.59769425217559
490,8931.29817715993,12789.576,0.0244486309955904,2.52150638710092
491,9141.51226136443,12634.5286283007,0.0244799013928728,2.44597628559426
492,9355.53483429233,12466.872,0.0245183086706026,2.37581930894845
493,9565.71859447951,12295.5043888691,0.0245641178894797,2.31087891387173
494,9775.14778392657,12127.104,0.0246175941102044,2.24772311391825
495,9987.38613222915,11964.7338162229,0.024679002393477,2.18634656195228
496,10204.8317131409,11799.216,0.0247486077999975,2.1246459778326
497,10431.1100219527,11627.1393462391,0.0248266753904662,2.06302161405864
498,10668.3774478121,11480.4,0.0249832042521985,2.00591827879666
499,11072.8850861538,11384.4567988205,0.025216554960545,1.93317862936361
500,11481.0838851279,11301.780286572,0.0255309997675003,1.86926822707658
501,11889.7908715722,11198.6074975371,0.0259529398507099,1.81350754018022
502,12295.0032627909,11120.0607902636,0.0264805767491041,1.76320570176683
503,12694.9722810587,11081.1356877067,0.0270423249628579,1.71649136162112
504,12933.0517327106,11023.6908380269,0.0276381844919713,1.6942847757439
505,13171.1311843624,10884.6237617716,0.02826219064766,1.67207818986669
506,13409.2106360143,10768.8145896556,0.0288861968033487,1.64987160398947
507,13646.8245598229,10751.7970065468,0.029514442835753,1.62665030559535
508,13883.9534267342,10795.7794181398,0.0301491525046882,1.60237172714282
509,14120.5972367481,10810.0236376464,0.0307903258101545,1.5770358686319
510,14356.7559898646,10817.1168041584,0.0314379627521517,1.55064273006257
511,14592.4296860837,10832.8800447624,0.0320920633306799,1.52319231143484
512,14828.0838532485,10879.2531480573,0.0327483876690236,1.49569932526561
513,15063.7380204133,10944.162665667,0.0334047120073673,1.46820633909637
514,15299.3921875781,11029.7872340311,0.034061036345711,1.44078893875623
515,15535.046354743,11127.92286195,0.0347173606840547,1.41392302923419
516,15810.7931321579,11338.8276161411,0.0353736850223984,1.38760861053024
517,16134.6542915405,11700.8735486867,0.0360300093607421,1.3618456826444
518,16506.6298328908,12152.9309596052,0.0366863336990858,1.33663424557665
519,16926.7197562087,12591.2673972771,0.0373225644463549,1.31189871349791
520,17394.9240614943,13066.9214068474,0.0379370002067931,1.28716318141918
521,17890.799505623,13622.6601597802,0.0385296409804004,1.26210673484736
522,18418.4620107914,14280.5731654219,0.0391004867671767,1.23653114032969
523,18977.9115769995,15001.9332790776,0.0396495375671222,1.21043639786618
524,19569.1482042474,15802.5618757985,0.0401968869713114,1.18382250745683
525,20192.1718925349,16651.1749154257,0.0407442363755006,1.15668946910163
526,20797.6118570664,17544.9587494401,0.0412915857796897,1.13098772923115
527,21329.3078542354,18455.3722180358,0.0418389351838789,1.10932913936601
528,21787.2598840421,19431.0898827433,0.0424517218972456,1.09171369950621
529,22171.4679464864,20467.6417053453,0.0431467705629436,1.07814140965175
530,22481.9320415682,21572.8006947268,0.0439240811809728,1.06861226980264
531,22756.4849177527,22671.9925621341,0.0447836537513332,1.06149674802141
532,23074.2028388555,23689.1880156112,0.0457254882740249,1.05438122624018
533,23435.0858048767,24541.9192751835,0.0466841474398702,1.04726570445895
534,23839.1338158164,25335.2149370173,0.0476428066057156,1.04015018267772
535,24286.3468716744,26127.8194842414,0.048601465771561,1.03233360101907
536,24768.6136416562,26861.6587060126,0.0495601249374064,1.02198221586347
537,25211.9353085578,27425.9332227338,0.0504727876964586,1.0090960272109
538,25615.2226765315,27919.1489361475,0.0513166978414584,0.993675035061372
539,25978.4757455774,28383.9390334476,0.0520918553724056,0.975719239414879
540,26301.6945156954,28742.1623968504,0.0527982602893003,0.955929700148835
541,26584.8789868856,28858.9152293395,0.0534359125921424,0.936140160882791
542,26866.9742622281,28772.6443768772,0.0540508086877252,0.916350621616747
543,27149.0695375706,28514.809253804,0.054665704783308,0.897756480387307
544,27429.4501848827,28127.8332609415,0.0552806008788907,0.881795999235841
545,27698.4085131388,27590.7645438653,0.0558954969744735,0.86846917816235
546,27955.944522339,26924.9674337597,0.0565103930700563,0.857776017166834
547,28202.0582124832,26108.12412705,0.057125289165639,0.849716516249292
548,28436.7495835715,25192.1841076636,0.0577401852612218,0.843095277373121
549,28661.7332636343,24202.2866064343,0.0583550813568046,0.83647403849695
550,28844.6453927501,23224.4550585977,0.0590044027595919,0.829852799620779
551,28982.5607858532,22280.724755062,0.0597082626766715,0.821078500596244
552,29075.4794429439,21420.8597481338,0.0604666611080432,0.808893202187581
553,29123.4013640219,20620.9981020199,0.0612795980537071,0.793296904394789
554,29126.3265490874,19876.5957446605,0.0621470735136631,0.774289607217868
555,29126.3265490874,19161.4459681199,0.0630346621807067,0.751871310656818
556,29126.3265490874,18614.1728180445,0.0639222508477503,0.729434495774542
557,29126.3265490874,18278.1612191493,0.0648098395147939,0.709976413353615
558,29126.3265490874,18062.917933112,0.0656974281818375,0.693497063394038
559,29031.2641292774,17813.6340293334,0.0665850168488811,0.67999644589581
560,28818.6272619577,17608.0330004159,0.0675090618557251,0.669474560858931
561,28488.4159471283,17519.3468719277,0.0686145095407577,0.660691987368863
562,28040.6301847892,17611.5501519563,0.0699013599039791,0.651909413878795
563,27509.3449599332,17863.7166048211,0.0713696129453891,0.643126840388728
564,26993.5274288752,18311.228831938,0.0730192686649878,0.63434426689866
565,26515.689619315,18916.7952129488,0.0748138707229748,0.625867621609529
566,26075.8315312526,19703.7863655892,0.0766084727809618,0.618447254427533
567,25673.9531646881,20631.2189946901,0.0784030748389487,0.612083165352672
568,25275.9795346286,21688.8666955926,0.0802343314000089,0.606775354384946
569,24878.0059045692,22815.1458527327,0.0821624837765978,0.602523821524355
570,24479.1119439729,24024.4897958959,0.0841875319687152,0.599022638569961
571,24067.8658060191,25276.8580644163,0.0863094759763614,0.595521455615568
572,23644.2674907076,26547.4598349756,0.0885283157995362,0.592020272661174
573,23208.3169980385,27741.5588056778,0.0908073969351663,0.588519089706781
574,22760.0143280118,28782.0234476561,0.0930864780707965,0.585017906752387
575,22300.2798111643,29546.943926762,0.0956300783899822,0.581516723797994
576,21840.5452943168,29987.2340425344,0.098481478677021,0.577862941317211
577,21380.8107774693,30022.5422825569,0.101640678931913,0.574031590885833
578,20929.0476277315,29548.7624836988,0.105107679154658,0.570022672503861
579,20508.9387186743,28500.049857817,0.108882479345256,0.565836186171293
580,20120.4840502977,27051.5848892577,0.112569225017596,0.56147213188813
581,19763.6836226017,25354.1079529795,0.116052118004592,0.557083109180762
582,19438.5374355862,23379.9131567341,0.119331158306246,0.552694086473394
583,19137.0741221417,21086.2147881509,0.122406345922557,0.548306680638325
584,18835.6108086972,18702.1016065831,0.125277680853525,0.543963324914134
585,18441.5633037099,16441.6074335723,0.128076498401708,0.539664019300821
586,17921.1943021506,14361.7021276433,0.130883136854752,0.535408763798384
587,17277.639543544,12422.2153206671,0.133752160573107,0.531197558406825
588,16532.7762434726,10670.0998697214,0.136683569556774,0.527028786253843
589,15686.6044019365,9115.68134243946,0.139677363805751,0.523056959128084
590,14856.2886359865,7775.01519755732,0.14273354332004,0.519324845693959
591,14098.4563307875,6619.0957182606,0.145844287194778,0.515832445951467
592,13409.9717468148,5651.82805036062,0.148955031069517,0.51257975990061
593,12768.957668486,4835.94413080504,0.152065774944256,0.509566787541386
594,12175.4140958009,4145.78376030614,0.155661001558403,0.506596583846573
595,11585.3204446788,3539.26042109407,0.160856854316012,0.50362638015176
596,10931.0007158998,3068.59748154154,0.167653333217083,0.500656176456947
597,10212.4549094639,2735.83958823167,0.176050438261617,0.497685972762134
598,9484.3832112792,2431.99305253651,0.186048169449612,0.494715769067321
599,8770.77683395669,2057.84770260352,0.1970430955599,0.491686614109118
600,8091.07593606916,1727.69518019754,0.206679578530042,0.488506820641072
601,7490.06643670067,1544.96539208105,0.214957618360039,0.485176388663183
602,7004.05807821079,1438.30395136552,0.221877215049889,0.481695318175452
603,6588.36725309783,1298.25361358803,0.227438368599594,0.478063609177877
604,6219.00274875084,1148.91272253439,0.231760027490913,0.474340212933849
605,5895.96456516983,1036.4426182389,0.236081686382232,0.470616816689821
606,5619.25270235478,965.997394701296,0.240403345273551,0.466893420445793
607,5364.57756792851,921.308732373542,0.244630605493705,0.463432606587099
608,5131.04006244555,889.534520190052,0.248501484277259,0.46043354811718
609,4918.6401859059,853.004946176931,0.252015981624213,0.457896245036037
610,4727.37793830956,813.095093355751,0.255174097534568,0.455820697343668
611,4557.25331965653,774.22085412327,0.257975832008323,0.454206905040075
612,4399.30374462791,736.632218844286,0.260515583716644,0.452792285739923
613,4250.0025881194,697.307978428555,0.263055335424965,0.451377666439771
614,4109.349850131,660.192792009762,0.265595087133286,0.449963047139619
615,3977.34553066272,626.95376958034,0.268134838841607,0.448548427839467
616,3853.98962971456,599.299174988542,0.270674590549927,0.447133808539315
617,3736.22458262305,575.560201975259,0.273214342258248,0.445719189239163
618,3618.45953553153,553.951367780623,0.275754093966569,0.444304569939011
619,3511.46100897938,531.348377358021,0.27829384567489,0.442889950638859
620,3417.36209300574,508.580112895758,0.280812909909485,0.441625524006242
621,3336.16278761062,485.842403145167,0.283240871499186,0.440644021233655
622,3267.86309279401,463.232305687792,0.285577730443993,0.439945442321099
623,3212.46300855591,439.881933238332,0.287823486743905,0.439529787268573
624,3159.19601435697,417.884498479828,0.289978140398923,0.439397056076078
625,3105.92902015803,398.249384565932,0.292062378882771,0.439397056076078
626,3052.66202595908,382.033000433834,0.29414661736662,0.439397056076078
627,2999.39503176014,368.196039047661,0.296230855850468,0.439397056076078
628,2946.1280375612,355.67781154981,0.298315094334317,0.439397056076078
629,2892.86104336225,342.540868267555,0.300399332818165,0.439397056076078
630,2839.35688511804,329.346070342731,0.302483571302014,0.439397056076078
631,2783.49563338016,316.174956126732,0.304567809785862,0.439397056076078
632,2725.27728814859,302.990881458676,0.306610437787018,0.439397056076078
633,2664.70184942334,289.250538690528,0.308568672893177,0.439397056076078
634,2601.76931720441,276.635692574619,0.310442515104339,0.439397056076078
635,2536.71685553706,266.117532974686,0.312231964420503,0.439397056076078
636,2471.66439386972,258.510638297607,0.31393702084167,0.439397056076078
637,2406.61193220237,252.993734942778,0.315599294850533,0.439397056076078
638,2344.17271546569,248.568823273749,0.317261568859395,0.439397056076078
639,2291.13583167015,243.670124547847,0.318923842868258,0.439397056076078
640,2247.50128081574,238.627008249891,0.320562296831359,0.439397056076078
641,2213.26906290247,233.580487829442,0.322165218393357,0.439397056076078
642,2188.43917793034,228.703951367569,0.323732607554252,0.439461213814069
643,2170.39838096867,223.561651378567,0.325264464314044,0.439700381349295
644,2152.35758400701,218.769170646776,0.326760788672732,0.440114558681755
645,2134.31678704534,214.385634204316,0.328245400676079,0.44070374581145
646,2116.27599008368,210.778202344569,0.329730012679426,0.441467942738379
647,2098.23519312202,207.582844667332,0.331214624682773,0.442342991724552
648,2080.19439616035,204.731046460948,0.332699236686119,0.443218040710725
649,2062.15359919869,201.684632354089,0.3342773976941,0.444093089696898
650,2044.11280223702,198.683890577327,0.336027551048142,0.444968138683071
651,2026.07200527536,195.600105330139,0.337949696748246,0.445843187669244
652,2008.03120831369,192.636734693701,0.340043834794412,0.446718236655417
653,1983.80537286781,189.520961013041,0.34230996518664,0.447265543634458
654,1952.97408369641,186.589578810076,0.344654538920297,0.447462831019029
655,1915.53734079949,183.707309901223,0.346999112653953,0.44731009880913
656,1871.49514417706,180.976204949895,0.34934368638761,0.446807347004763
657,1820.84749382912,178.15063933341,0.351688260121266,0.445954575605926
658,1769.77942823988,175.791923577777,0.354045287062831,0.445079526619753
659,1721.38438511492,173.950268769155,0.356432145463909,0.44420447763358
660,1679.39252436778,172.553799391936,0.358848835324503,0.443329428647407
661,1643.80384599844,171.019394332834,0.36129535664461,0.442454379661234
662,1614.61835000692,169.52904906628,0.363771709424232,0.441579330675061
663,1591.8360363932,167.970955457881,0.36626544045546,0.44097000510461
664,1572.78388269302,166.506643508315,0.368759171486688,0.440885708925862
665,1553.73172899283,164.921100962852,0.371252902517916,0.441326442138819
666,1534.67957529265,163.481893182655,0.373746633549144,0.442292204743479
667,1515.62742159246,162.069161263635,0.376303204191656,0.443782996739843
668,1496.57526789227,160.890924880443,0.379075725490537,0.445131860643688
669,1477.52311419209,159.732408767049,0.38206419744579,0.445101868779935
670,1458.4709604919,158.731393833984,0.385268620057412,0.443693021148584
671,1439.41880679172,157.641644958961,0.388688993325405,0.440905317749636
672,1420.76985584517,156.571862787525,0.392262477638486,0.436738758583091
673,1403.18294318547,155.32598557427,0.395835961951566,0.431590406325341
674,1386.65806881261,154.196613113189,0.399409446264647,0.42638707306348
675,1371.1952327266,153.120058568117,0.402982930577728,0.421128758797509
676,1356.79443492743,152.252800694605,0.406669374811212,0.415815463527429
677,1343.05247266147,151.375428814361,0.411042384377447,0.410447187253238
678,1329.31051039551,150.740425531776,0.416101959276435,0.405028101367047
679,1315.56854812954,150.220361526104,0.421848099508174,0.399609015480856
680,1301.82658586358,149.877551020271,0.428280805072665,0.394189929594665
681,1288.08462359761,149.404860212216,0.435287116049504,0.388770843708474
682,1274.34266133165,149.012331741071,0.442293427026343,0.383351757822283
683,1260.60069906569,148.578896070922,0.449299738003182,0.377932671936092
684,1246.06464610747,148.149457229563,0.456306048980021,0.372856433383885
685,1230.29864210994,147.531192175357,0.463447759038239,0.368311224144674
686,1213.30268707309,147.286582718057,0.474146290749697,0.364297044218458
687,1195.07678099693,147.531192175357,0.488401644114396,0.360813893605238
688,1175.62092388144,148.149457229562,0.506213819132335,0.357861772305013
689,1155.72920641889,148.578896070922,0.527272867919455,0.355097832983799
690,1135.83748895634,149.012331741072,0.549307542598532,0.352333893662584
691,1115.94577149379,149.403398176232,0.568896420597705,0.34956995434137
692,1096.05405403124,149.877551020271,0.586039501916973,0.346806015020156
693,1076.16233656869,150.22887330302,0.600736786556337,0.344042075698942
694,1056.3740722794,150.740425531775,0.613298222399855,0.34137664135762
695,1037.06612302868,151.344654806191,0.625859658243374,0.339168548456161
696,1018.23848881654,152.252800694605,0.638421094086892,0.337417796994565
697,999.89116964298,153.251611631067,0.650982529930411,0.336124386972831
698,982.024165507994,154.412331741065,0.663543965773929,0.33528831839096
699,964.534023238325,155.457538637221,0.676105401617448,0.334811086269059
700,947.043880968656,156.571862787526,0.690213470326667,0.334333854147158
701,929.553738698987,157.610870950791,0.706542165435103,0.333856622025258
702,912.554491885203,158.731393833984,0.725091486942754,0.333379389903357
703,896.805282125914,159.740920543965,0.745861434849621,0.332902157781457
704,882.306109421121,160.890924880443,0.769429297900999,0.332424925659556
705,869.056973770825,162.067699227651,0.794406419030657,0.331947693537655
706,857.057875175024,163.481893182655,0.82011880470508,0.331470461415755
707,845.817918177836,164.922562998836,0.846566454924268,0.330993229293854
708,834.577961180647,166.506643508315,0.873749369688221,0.330515997171953
709,823.338004183458,167.974155860533,0.906328159145585,0.33126153898509
710,812.09804718627,169.529049066281,0.948095868207754,0.333406450112444
711,800.937028540105,171.002466001833,0.999052496874727,0.336950730554015
712,790.072499601388,172.553799391939,1.05006759896189,0.341894380309802
713,779.504460370119,173.97818145055,1.10078507728517,0.348237399379806
714,769.232910846298,175.576204949903,1.14596703295062,0.354757013828989
715,759.257851029924,177.252867080544,1.18166244524737,0.361276628278172
716,749.500342569975,179.248111159192,1.20787131417543,0.367787316125679
717,739.742834110025,181.31874392394,1.2337240859194,0.374123391080305
718,729.985325650076,183.567173252112,1.25957685766338,0.38028485314205
719,720.156165827321,185.685052984596,1.28664416091582,0.386271702310914
720,710.165469629561,187.886235345031,1.32240024628989,0.392083938586897
721,700.013237056798,189.991717611737,1.36684511378558,0.397730488571675
722,689.69946810903,192.205297437949,1.41997876340289,0.403377038556453
723,679.224162786257,194.297361749735,1.48269733739175,0.409023588541232
724,668.658972451286,196.524359530867,1.55681302487063,0.41467013852601
725,658.093782116315,198.69897181516,1.63485157522637,0.420316688510789
726,648.133116931166,201.059140251662,1.71681298845896,0.425963238495567
727,638.826232294453,203.365452431172,1.80269726456842,0.436763419383069
728,630.173128206177,205.811984368028,1.8916082613048,0.455864121057759
729,622.173804666337,208.123923994366,1.98051925804119,0.483175308036396
730,614.828261674934,210.562483716699,2.07291971496052,0.512027583131082
731,608.76055416279,212.900743974831,2.17023809252003,0.542420946341816
732,604.424363567289,215.312983065368,2.27247439071972,0.569201766765877
733,601.819689888432,217.551161780554,2.37962860955959,0.589223154518798
734,600.94653312622,220.063482414037,2.47650610588875,0.602575145083822
735,601.804893280651,222.806244319908,2.55577590530318,0.615927135648846
736,603.166190271081,226.110638297662,2.61600954734565,0.629736208481241
737,604.527487261511,229.640946239321,2.65720703201615,0.644469765222407
738,605.888784251941,233.454450716242,2.67936835931469,0.660127805872342
739,607.250081242371,237.086284105664,2.69768817239215,0.676710330431047
740,609.886489242552,240.807642205598,2.71600798546961,0.695392187412654
741,614.709758421865,244.408580808951,2.73432779854708,0.716556353433737
742,621.719888780312,248.146765088787,2.75264761162454,0.739735426852899
743,630.916880317892,251.720703691245,2.76850620365225,0.764929407670139
744,642.300733034604,255.485887971976,2.78070083306448,0.792138295885458
745,654.596335920699,259.22024695437,2.78923149986121,0.82011004911925
746,666.997238246006,263.247069040141,2.79409820404245,0.847872012051023
747,681.038905604159,267.248243635824,2.79530094560819,0.875424184680778
748,696.721337995159,271.453755970225,2.79530094560819,0.902766567008514
749,714.044535419007,275.493532335325,2.79530094560819,0.929899159034232
750,733.0084978757,279.660442900309,2.79530094560819,0.956899154623405
751,753.50792592603,283.664651385659,2.79530094560819,0.983899150212578
752,771.253068039351,287.867129830395,2.79530094560819,1.01440127653602
753,785.754271585203,291.935751293059,2.79530094560819,1.04902813689834
754,797.011536563585,296.07381676048,2.79530094560819,1.08777973129955
755,805.024862974499,299.816168957039,2.79530094560819,1.13065605973965
756,809.794250817943,303.436387320611,2.79530094560819,1.16721597237446
757,814.073986030927,306.638283502067,2.79530094560819,1.19326382077034
758,818.353721243911,309.907946156905,2.79530094560819,1.20817700162269
759,822.528763736729,313.035670337004,2.79530094560819,1.2119555149315
760,822.734380440079,316.379504993198,2.79530094560819,1.20459936069676
761,818.97057135396,319.536065195983,2.79530094560819,1.19654968876266
762,811.237336478372,322.851063829492,2.79530094560819,1.18850001682856
763,799.534675813316,325.983120736591,2.79530094560819,1.18045034489446
764,783.967282078955,329.346070342728,2.79530094560819,1.17240067296036
765,767.315772873498,332.625776338091,2.79530094560819,1.14886145587936
766,749.327918157184,336.239687363998,2.79479829892412,1.10622889987448
767,730.003717930012,339.797504040589,2.79182798940463,1.04450300494572
768,709.343172191983,343.602257924132,2.78639001704973,0.963683771093089
769,689.226889148482,347.190857521945,2.77848438185942,0.877875826445145
770,670.948142296656,350.941380807321,2.7681110838337,0.804137408749988
771,654.759161676264,354.490069970125,2.75577276965664,0.746072311784598
772,640.659947287307,358.280503690512,2.74343445547958,0.703680535548975
773,628.650499129785,361.899046690483,2.73109614130252,0.676962080043119
774,616.850208998313,365.619626573703,2.71875782712546,0.651812317138459
775,605.381373170758,368.894183699478,2.7063988698545,0.625233543214263
776,594.782468599776,372.091185409999,2.69377262522706,0.595162553806811
777,585.053495285367,374.850063780386,2.68087909324312,0.564686132038976
778,576.194453227532,377.71862787634,2.6677182739027,0.533804277910759
779,568.20534242627,380.400657356904,2.65429016720579,0.502004886343535
780,560.754708577664,383.322622665738,2.64061541624628,0.470138725814376
781,553.304074729058,386.020253279857,2.62694066528678,0.440269000787003
782,545.853440880452,388.950065132082,2.61326591432727,0.414714183242616
783,538.402807031846,391.68001787689,2.59959116336777,0.394338808762337
784,530.837558762503,394.554059921482,2.58591641240826,0.379654982424789
785,522.822048447481,397.035598537984,2.57224166144876,0.371240946772438
786,514.356276086779,399.524967433419,2.55856691048925,0.369096701805284
787,505.440241680398,401.604879587523,2.54390454075753,0.367816992419249
788,496.073945228337,403.839339990948,2.52636457615145,0.366537283033214
789,486.409061409407,405.857137201255,2.50594701667102,0.365257573647179
790,477.684087683323,408.17716022542,2.48265186231624,0.363977864261145
791,469.899024050087,410.291960251714,2.4564791130871,0.36269815487511
792,463.053870509698,412.491532782944,2.42841638775584,0.361418445489075
793,457.148627062156,414.37124463511,2.40035366242458,0.360422841035048
794,452.14623344939,416.805905340466,2.37229093709332,0.361645265879174
795,447.143839836624,419.821138109577,2.34422821176205,0.365085720021453
796,442.141446223859,424.590534085586,2.31616548643079,0.370744203461884
797,437.139052611093,430.475801576512,2.28810276109953,0.378620716200469
798,432.136658998327,435.798523664389,2.26445812724045,0.388431153305198
799,427.651155465951,438.462742374585,2.2456527555403,0.398241590409927
800,423.731816446492,440.558402083849,2.23168664599909,0.408859166485922
801,420.378641939948,443.498643469475,2.22255979861683,0.420801685398857
802,417.591631946321,447.02996092013,2.2182722133935,0.434069147148734
803,415.370786465609,449.41167500052,2.21440579885694,0.448661551735552
804,413.199215417424,451.367781154603,2.21053938432038,0.464578899159312
805,411.027644369239,453.094344079687,2.20667296978382,0.480815405748539
806,408.858034542308,455.682153712134,2.20280655524726,0.496547823519795
807,406.710146880217,458.802705076997,2.1989401407107,0.51177615247308
808,404.583981382963,462.153712548427,2.19507372617414,0.526500392608394
809,402.479538050548,464.417207872636,2.192220269717,0.540720543925737
810,400.396816882972,466.468085105961,2.19502750587738,0.554635251125318
811,398.333856658979,468.396745679559,2.2034954346553,0.568549958324899
812,396.270896434986,470.805905340431,2.21762405605075,0.582749253032878
813,394.207936210993,472.982008221925,2.23741337006374,0.59727372901463
814,392.144975987,475.120277897955,2.26185041861483,0.612123386270158
815,390.082015763007,476.641660924494,2.28628746716593,0.62729822479946
816,388.019055539014,479.012592270508,2.31072451571702,0.642798244602536
817,385.956095315021,482.417764227966,2.33516156426812,0.658338858170989
818,383.975689076663,486.773773338673,2.35959861281921,0.673879471739442
819,382.227003824881,490.641268064923,2.38403566137031,0.689356284045301
820,380.710039559675,494.558402083788,2.4084727099214,0.70361747249327
821,379.424796281044,498.243040325655,2.43943620284951,0.716663037083348
822,378.37127398899,502.319583151955,2.48506837055749,0.728492977815536
823,377.466918697876,506.155356572809,2.54536921304533,0.739107294689832
824,376.562563406762,510.104211897065,2.62033873031305,0.74856978896883
825,375.658208115648,513.343565920924,2.71385356768222,0.758032283247828
826,374.753852824535,516.364741640873,2.82277594098063,0.766750667543196
827,373.849497533421,518.687172538532,2.9389636198054,0.774074499093129
828,372.945142242307,521.124620060319,3.06241660415654,0.780003777897625
829,372.040786951193,523.31254771955,3.19313489403405,0.784538503956686
830,371.136431660079,525.861050802822,3.32724184411635,0.787678677270311
831,370.232076368966,528.10961073461,3.46100534152857,0.79016840782213
832,369.327721077852,530.620929222268,3.57137625531578,0.792597103892679
833,368.423365786738,532.815318561265,3.65835458547797,0.79086873748691
834,367.519010495624,535.357359964773,3.72194033201513,0.784983308604823
835,366.688291731021,537.719674179536,3.76213349492727,0.775645865089884
836,366.038444024641,540.539296569197,3.77927752688446,0.763883145694051
837,365.569467376484,543.17625936675,3.79642155884164,0.749756184898596
838,365.281361786549,546.166739035541,3.81356559079883,0.737361010698566
839,365.174127254837,548.832922598175,3.83070962275601,0.72669762309396
840,365.174127254837,551.770733824943,3.8478536547132,0.717060974241314
841,365.174127254837,554.391334155501,3.86676181400907,0.707424325388668
842,365.174127254837,557.398176291289,3.88765610993231,0.697787676536022
843,365.174127254837,560.143370733529,3.91053654248292,0.688151027683376
844,365.174127254837,563.002171080692,3.9354031116609,0.67851437883073
845,365.174127254837,565.077503559102,3.96225581746624,0.668877729978084
846,365.174127254837,566.894485453245,3.98933053256027,0.661412611612643
847,365.174127254837,567.913917420689,4.01640524765429,0.656170418073595
848,365.217100419074,569.051671732007,4.04347996274832,0.65315114936094
849,365.376431304115,569.92620146,4.07055467784234,0.652354805474678
850,365.652119909959,571.208858010769,4.09941541319763,0.653781386414808
851,366.044166236608,572.163247947596,4.13062074884155,0.655259361694127
852,366.55257028406,573.366044289531,4.16417068477411,0.656737336973446
853,367.134358888079,574.207132824635,4.2000652209953,0.658215312252764
854,367.716147492099,575.546678245237,4.23830435750514,0.659693287532083
855,368.297936096118,576.96050424087,4.27710207404234,0.662772834383927
856,368.879724700138,579.204515848361,4.31589979057955,0.667735656348476
857,369.461513304157,581.540834140753,4.35469750711676,0.674581753425731
858,370.043301908177,584.386452452787,4.39349522365397,0.683311125615692
859,370.625090512196,586.849545598586,4.43166537798296,0.693923772918359
860,371.206879116216,589.568389057214,4.46884770796828,0.706503156970597
861,371.793844068036,591.956815059402,4.50504221360994,0.721734894530269
862,372.396423137815,594.75032566164,4.54024889490794,0.739618985597373
863,373.014616325552,597.247458649292,4.57446775186227,0.760155430171911
864,373.648423631247,599.932262266067,4.60832634668117,0.78451163140028
865,374.297845054899,601.924205047353,4.64218494150007,0.811447684668537
866,374.957704248709,603.82457663862,4.67604353631897,0.839996269678642
867,375.617563442518,605.03246349938,4.70990213113787,0.870157386430594
868,376.277422636327,606.427268779301,4.74376072595676,0.923445140874887
869,376.937281830137,607.518079862184,4.77761932077566,0.992046218607167
870,377.597141023946,609.00651324304,4.81147791559456,1.06431166826243
871,378.257000217755,610.147952330688,4.84533651041346,1.14024148984067
872,378.916859411565,611.609205383723,4.87919510523236,1.21983568334189
873,379.775203022436,612.713901339131,4.91601699474608,1.2815801428156
874,380.965740844944,614.188449847464,4.96292790206464,1.33334672960645
875,382.488472879088,615.38290879182,5.01992782718804,1.38928726246958
876,384.343399124869,617.002171080636,5.08701677011628,1.44940174140499
877,386.530519582286,618.328031028983,5.16419473084935,1.53821800057943
878,388.851349834278,620.026921406296,5.24849841469244,1.65939106534438
879,391.17218008627,621.370331783062,5.33280209853552,1.79947739168874
880,393.493010338263,623.051671731955,5.41710578237861,1.95552898362692
881,395.813840590255,624.377220213004,5.50140946622169,2.12754584115894
882,398.134670842247,626.076422057615,5.58358000402895,2.28761270395417
883,400.377867789789,627.437747751981,5.65299655722362,2.42827049713483
884,402.156898686934,629.101172383275,5.70965912580571,2.56173681462529
885,403.471763533679,630.285210463911,5.75356770977521,2.68801165642556
886,404.322462330027,631.680416847016,5.78472230913212,2.84607413816138
887,404.708995075976,632.604685184941,5.80525606991227,3.04897051282686
888,404.708995075976,633.83760312578,5.82578983069242,3.23942865102813
889,404.708995075976,634.726058301299,5.84632359147258,3.41744855276518
890,404.708995075976,635.994789404545,5.86685735225273,3.58303021803803
891,404.708995075976,636.907707010783,5.88739111303288,3.69719453122093
892,404.708995075976,638.175423360252,5.90792487381304,3.75028266548363
893,404.708995075976,639.075721665835,5.92845863459319,3.80337079974633
894,404.708995075976,640.332609639017,5.9549038451916,3.85645893400903
895,404.708995075976,641.228952579212,5.99499407697486,3.90954706827174
896,404.739661854122,642.489795917781,6.04872932994296,3.96263520253444
897,405.00722729207,643.386453686619,6.1161096040959,4.01572333679714
898,405.51169138982,644.646982196546,6.19713489943368,4.14103349736825
899,406.253054147372,645.545731189113,6.28589376613804,4.32005757993846
900,407.231315564727,646.804168475313,6.3746526328424,4.52187062358142
901,408.415808863737,647.69153355413,6.46341149954676,4.74647262829713
902,409.600302162747,648.961354754077,6.55217036625112,4.99386359408558
903,410.784795461758,649.879967265413,6.64092923295548,5.19182149463838
904,411.969288760768,651.118541032844,6.7297050682592,5.35885443426482
905,413.153782059778,651.8744106491,6.82415704799386,5.52599194310818
906,414.338275358788,652.853669126632,6.92428517215945,5.72810876671208
907,415.522768657798,653.340866041887,7.03008944075597,5.96520490507653
908,416.707261956809,654.143291358501,7.14156985378342,6.23728035820152
909,417.891755255819,654.593005835734,7.25870944264245,6.54249539908413
910,419.076248554829,655.43291359037,7.37584903150147,6.86251151958457
911,419.958863577599,655.902794931046,7.49298862036049,7.16245397415919
912,420.458320426934,656.745983499185,7.61012820921951,7.44232276280801
913,420.574619102835,657.21964413153,7.72726779807853,7.70866389689236
914,420.3077596053,658.035605731057,7.86466941415726,7.99307568000944
915,419.65774193433,658.423439218486,8.02518726848399,8.31379205108215
916,418.926444366165,659.114198870438,8.20882136105872,8.67081301011047
917,418.195146798,659.373033961862,8.41557169188145,9.09444420276674
918,417.463849229835,659.981762917333,8.64543826095218,9.66050800963808
919,416.73255166167,660.234536763326,8.87815904105121,10.1836200447061
920,416.001254093505,660.849326964226,9.11087982115023,10.6581671269435
921,415.26995652534,661.06508379993,9.35136144715807,11.0841492563504
922,414.523856402311,661.69344333418,9.73597208862633,11.4314058781937
923,413.502853558119,662.000045507107,10.264711745555,11.6201180372796
924,412.206947992764,662.561007381076,10.8745638846944,11.8059115430325
925,410.636139706246,662.450345356786,11.4873429319715,11.9943995764794
926,408.790428698565,662.349978288588,12.0952880414773,12.1855821376203
927,406.684617524585,661.579760272828,12.5620310436605,12.3793141355161
928,404.578806350606,661.060356056716,12.8875719385208,12.5338472304187
929,402.472995176626,660.20777371391,13.1349272593082,12.6416440598999
930,400.367184002646,659.770733824845,13.3822825800955,12.7027046239596
931,398.261372828666,658.942929201876,13.760445984836,12.7170289225978
932,396.155561654686,658.45766391603,14.2796598624209,12.6846169558144
933,394.049750480706,657.600363555869,14.9062121233106,12.6446676266027
934,391.812710308122,657.168041684159,15.5684067626915,12.49296713897
935,389.165354463749,656.475499637186,16.2662437805637,11.9958919487593
936,386.107682947588,656.300477637263,16.8689150929741,11.4011635118221
937,382.639695759638,655.879707819503,17.3661783110313,10.7087818281584
938,378.761392899901,655.87841945229,17.791745524275,9.91874689776813
939,374.60400336698,655.483440114245,18.2173127375187,9.13403919786658
940,370.446613834059,655.43291359037,18.6428799507623,8.51328618001094
941,366.289224301138,655.017413191412,19.3691816819728,7.88117774758103
942,362.131834768217,655.010855405397,20.5892077593125,7.25571238988279
943,358.022389110668,654.656857600958,21.839069231597,6.63689010691622
944,354.160891092566,654.588797220423,23.1187660988264,6.033481579887
945,350.547340713914,653.960379091063,24.4282983610007,5.56919217136039
946,347.18173797471,653.486756404096,25.4669315001531,5.17765644378675
947,344.064082874954,652.48171224669,26.0416756881211,4.84374428759672
948,341.146431539276,651.775075987249,26.6164198760892,4.57475808082888
949,338.228780203598,650.716326232536,27.3721427869616,4.37069782348322
950,335.31112886792,650.039947893458,28.3961962841009,4.18285424559445
951,332.393477532242,648.985613714623,29.7316699211854,3.996972155552
952,329.475826196564,648.30481979967,31.9795504235918,3.79624602163574
953,326.558174860886,647.278222284134,34.7706944059344,3.57337346580709
954,323.640523525207,646.593139382824,37.8095380792164,3.32835448806606
955,320.493140188367,645.475449295562,40.9262685112588,3.07137282720997
956,316.845622818414,644.646982196548,43.6301676810988,2.82262434471655
957,312.697971415348,643.397963466526,45.3202488633596,2.59604619256933
958,308.05018597917,642.489795917781,46.3656554434271,2.40960197387765
959,302.90226650988,641.227936020844,46.8809724873936,2.26641756207168
960,297.483945008641,640.332609639017,46.9486610640757,2.15630921835412
961,292.065623507401,639.069238874365,47.0163496407578,2.06729035117607
962,286.647302006161,638.175423360252,47.0840382174399,2.00422025246655
963,281.107710090969,636.928791258553,47.151726794122,1.94944306950933
964,275.377638945316,635.994789404545,47.219415370804,1.89983292887419
965,269.457088569202,634.595942484696,47.2871039474861,1.854841189842
966,263.346058962627,633.415544940804,47.3547925241682,1.79616225119881
967,257.044550125591,631.751665856699,47.4224811008503,1.73390502031612
968,250.673832472047,630.390794615144,47.4901696775324,1.6734302642075
969,244.362237123949,628.695934134949,47.5578582542144,1.61473798287295
970,238.552706295402,627.366044289484,47.6145274263322,1.55837681703161
971,233.245239986408,625.66781644042,47.6576588831136,1.52265236789742
972,228.439838196964,624.341293963827,47.6872526245586,1.49566333099908
973,224.136500927072,622.688147170281,47.7033086506671,1.47468548044626
974,220.276105871284,621.316543638169,47.7058269614393,1.45971881623895
975,216.415710815496,619.423347899906,47.7058269614393,1.45076333837716
976,212.555315759709,617.658706035045,47.7058269614393,1.44781904686087
977,208.694920703921,615.35444585416,47.7058269614393,1.44781904686087
978,204.834525648133,613.320885800571,47.7058269614393,1.44781904686087
979,200.981988246027,610.981359872477,47.7058269614393,1.44781904686087
980,197.137377484746,609.00651324304,47.7058269614393,1.45436285013508
981,193.300693364291,606.66624572869,47.7058269614393,1.47042468326725
982,189.471935884661,604.692140685513,47.7058269614393,1.49584035928155
983,185.651105045857,602.448470021621,47.6296931457057,1.52872060166629
984,181.830343194198,600.377768127984,47.4554709762963,1.56906541042146
985,178.009581342538,597.589806586715,47.1831604532112,1.61033098227286
986,174.233177506108,595.195831523569,46.8127615764504,1.64954309063673
987,170.719845748897,592.644763382327,46.3442743460138,1.68686592248889
988,167.469586070904,589.146330872235,45.8538325776351,1.72418875434106
989,164.48239847213,583.311740055105,45.3633908092564,1.77189455870503
990,161.758282952575,578.125922708979,44.8729490408776,1.83810652142574
991,159.252881497009,575.098968426719,44.3825072724989,1.92282464250319
992,156.747480041443,573.741207120612,43.8920655041201,2.02604892193739
993,152.287388903063,571.543348250325,43.4016237357414,2.13986522799689
994,145.835823263221,569.215805470606,42.9111819673627,2.24962377887209
995,139.315768080567,566.694872117101,42.4207401989839,2.34720138871806
996,132.727223355102,564.549717758931,41.9013476368382,2.43259805753479
997,126.070189086824,562.004783329525,41.3427462075218,2.50581378532229
998,121.299354958549,559.742943985596,40.7449359110346,2.57569030436819
999,118.494332829764,557.132550397728,40.1079167473767,2.6477012335033
1000,116.01670156465,554.795484150603,39.4316887165481,2.72184657272761
1001,113.866461163205,552.628486288749,38.7452026123157,2.79812632204113
1002,112.04361162543,550.602783500732,38.0587165080834,2.87654048144385
1003,110.548152951325,548.577080712716,37.372230403851,2.96512737040241
1004,109.337258100049,546.5513779247,36.6857442996187,3.09456639272909
1005,108.126363248772,544.525675136684,35.9950843478431,3.2648575484239
1006,106.915468397496,542.303519787991,35.297603403529,3.47600083748684
1007,105.70457354622,539.760317386991,34.5933014666765,3.7279962599179
1008,104.493853944887,536.896067933685,33.8821785372855,4.01181294836509
1009,103.323406871713,533.710771428071,33.1642346153561,4.28070470674675
1010,102.193232326698,530.204427870151,32.4436435484314,4.53467153506287
1011,101.103330309842,526.573489820601,31.7273139515143,4.77371343331346
1012,100.053700821145,522.942551771051,31.0568012319378,4.99458419108839
1013,99.0441686106645,519.311613721501,30.4321053897021,5.16569357671934
1014,98.0346364001838,515.680675671951,29.8532264248069,5.30190157294269
1015,97.0251041897031,512.049737622402,29.3201643372525,5.40320817975843
1016,96.0155719792223,508.418799572852,28.8286576570311,5.46961339716657
1017,95.0060397687416,504.787861523302,28.3371509768098,5.50436343557722
1018,93.9965075582609,501.49480897167,27.8456442965884,5.53911347398786
1019,92.9869753477802,498.586640051304,27.3541376163671,5.58287695182876
1020,91.9987951294722,496.063354762205,26.8626309361457,5.64234028283241
1021,91.0895999534241,493.924953104372,26.3711242559244,5.7175034669988
1022,90.2593898196356,492.171435077806,25.8669889533695,5.80836650432793
1023,89.5081647281069,490.464915184588,25.343799319413,5.9149293948198
1024,88.8359246788379,488.75839529137,24.8015553540549,6.02817869904416
1025,88.2213176796558,487.051875398153,24.2402570572951,6.14094717926611
1026,87.6067106804737,485.345355504935,23.6599044291336,6.2450064463073
1027,86.9921036812917,483.638835611717,23.0731260919041,6.34035650016772
1028,86.3774966821096,481.932315718499,22.4899368373618,6.42699734084739
1029,85.7628896829275,480.156161551416,21.9316946391711,6.50492896834629
1030,85.1482826837454,477.895992301512,21.398399497332,6.57463220666684
1031,84.5336756845634,475.15180796879,20.8900514118444,6.64433544498739
1032,83.9190686853813,471.923608553247,20.4066503827085,6.71403868330794
1033,83.3044616861992,468.211394054885,19.9446073272368,6.77994330370998
1034,82.6898546870171,464.084798747569,19.4825642717651,6.8295117010783
1035,81.9971112269962,459.958203440253,19.0205212162935,6.8627438754129
1036,81.2202367235544,455.831608132937,18.5748709933674,6.87963982671376
1037,80.3592311766917,451.705012825621,18.1802591112939,6.8801995549809
1038,79.4140945864083,447.58004871327,17.8366855700731,6.86822167813282
1039,78.384826952704,443.548796963991,17.5441503697049,6.85624380128473
1040,77.3495647364178,439.611257577786,17.3026535101894,6.84426592443665
1041,76.3143025201317,435.767430554654,17.0958021589808,6.83228804758857
1042,75.2790403038455,432.017315894595,16.8889508077723,6.82031017074049
1043,74.2437780875593,428.359282402645,16.6820994565638,6.8083322938924
1044,73.3047080061381,424.701248910696,16.4752481053553,6.79635441704432
1045,72.4855355612313,421.043215418747,16.2683967541468,6.77925245140505
1046,71.7862607528389,417.385181926797,16.0615454029383,6.7518715798186
1047,71.206883580961,413.727148434848,15.8546940517298,6.71421180228497
1048,70.7474040455975,410.069114942899,15.6478427005212,6.66627311880415
1049,70.3116300118837,406.411081450949,15.4447071052759,6.60805552937615
1050,69.8758559781698,402.738139207436,15.2546835811374,6.54468312279215
1051,69.4400819444559,399.012587316638,15.0777721281059,6.48131071620815
1052,69.004307910742,395.234425778554,14.9139727461813,6.41793830962414
1053,68.5685338770281,391.403654593185,14.7632854353636,6.35456590304014
1054,68.1327598433142,387.520273760531,14.6219944396898,6.29119349645614
1055,67.6969858096003,383.599192032155,14.4807034440159,6.22328647548434
1056,67.2612117758864,379.678110303779,14.339412448342,6.08895132089843
1057,66.8153555912204,375.757028575403,14.1981214526681,5.88818803269841
1058,66.3563112155314,371.835946847027,14.0568304569943,5.65339526079826
1059,65.8840786488194,367.914865118651,13.9155394613204,5.42249872739536
1060,65.3986578910843,363.993783390275,13.7807771505211,5.20003304687752
1061,64.9000489423262,360.072701661899,13.6536673531423,5.04789173847106
1062,64.3983339534973,356.239698020099,13.5342100691842,4.96607480217597
1063,63.8966189646683,352.567022237452,13.4224052986467,4.92218358807828
1064,63.3949039758393,349.054674313958,13.3182530415297,4.87829237398059
1065,62.8931889870104,345.702654249617,13.2152246129588,4.8344011598829
1066,62.3914739981814,342.510962044429,13.1121961843879,4.79050994578521
1067,61.8998929883987,339.39151961182,13.009167755817,4.74228467415409
1068,61.4386313172939,336.27207717921,12.9061393272461,4.68109255528502
1069,61.0076889848671,333.152634746601,12.8031108986752,4.606933589178
1070,60.6070659911182,330.033192313991,12.7206610298576,4.51980777583302
1071,60.2367623360472,326.913749881382,12.6868716559119,4.41971511525009
1072,59.8866440406078,323.794307448772,12.7017427768382,4.31098966496264
1073,59.5365257451685,320.674865016163,12.7652743926363,4.20226421467518
1074,59.1864074497291,317.555422583553,12.8774665033064,4.08704773786373
1075,58.8362891542898,314.103442052829,13.0177405490952,3.9638701354405
1076,58.4861708588504,310.001414505655,13.1580145948839,3.83776706491025
1077,58.1360525634111,305.24933994203,13.2982886406727,3.7279384123923
1078,57.7698821319991,299.847218361957,13.4385626864614,3.63438417788664
1079,57.3859549055276,293.795049765433,13.5788367322502,3.56359538791727
1080,56.9842708839967,287.425372250575,13.7191107780389,3.51704214157198
1081,56.5648300674062,281.055694735717,13.8593848238277,3.48968878134599
1082,56.1276324557562,275.507204436431,14.0292046239736,3.46233542112
1083,55.6887301850194,270.785974318461,14.2419140557968,3.434982060894
1084,55.2498279142825,266.892004381809,14.4975131192975,3.39032567019024
1085,54.8146738244943,263.825294626474,14.7960018144755,3.30263977844992
1086,54.4256124673236,261.585845052456,15.1373801413309,3.19341130020064
1087,54.0826438427704,259.352468444182,15.4921023455066,3.0626402354424
1088,53.7857679508348,257.119091835909,15.8468245496823,2.92004605935377
1089,53.5349847915167,254.885715227636,16.2015467538579,2.79372803158192
1090,53.3265461838676,252.652338619362,16.5562689580336,2.70941262268563
1091,53.1181075762185,250.418962011089,16.8930149552735,2.64561291813731
1092,52.9096689685694,248.185585402815,17.1977985425985,2.60232891793694
1093,52.7012303609203,245.935327360755,17.4706197200085,2.56984114690598
1094,52.4927917532712,243.619798534211,17.7114784875036,2.53735337587502
1095,52.2843531456221,241.238998923183,17.9203748450837,2.49275642806963
1096,52.0799021944038,238.792928527672,18.1152849996847,2.43547781083497
1097,51.8815759561954,236.281587347678,18.3101951542856,2.36551752417106
1098,51.6893744309967,233.721856816987,18.5051053088866,2.28287556807788
1099,51.5032976188078,231.162126286297,18.7000154634875,2.18755194255543
1100,51.3233455196287,228.602395755607,18.8949256180885,2.10718439799272
1101,51.1455304770285,226.042665224916,19.0898357726895,2.04780890777242
1102,50.9677154344283,223.482934694226,19.2847459272904,2.00942547189452
1103,50.7899003918281,220.923204163536,19.521981979852,1.99203409035904
1104,50.6120853492278,218.363473632845,19.8103118861285,1.99563476316596
1105,50.4342703066276,215.803743102155,20.1497356461198,2.00469891670074
1106,50.2564552640274,213.244012571465,20.540253259826,2.01376307023551
1107,50.0786402214272,210.684282040774,20.981864727247,2.02282722377028
1108,49.886489244653,208.22154215275,21.4322441504222,2.03189137730505
1109,49.6787056796023,205.864565500317,21.8826235735975,2.04398335990857
1110,49.4552895262751,203.613352083476,22.3332629157088,2.06101249639688
1111,49.2162407846714,201.467901902227,22.8293924019036,2.08297878676998
1112,48.9615594547913,199.428214956569,23.3710120321818,2.10988223102787
1113,48.7055814708086,197.397300603837,23.9581218065434,2.14172282917055
1114,48.4496034868259,195.366386251106,24.5907217249883,2.17887107759525
1115,48.193293419004,193.335471898374,25.2685518685806,2.22455454487734
1116,47.933464509824,191.304557545642,25.9463820121728,2.27877323101683
1117,47.670116759286,189.27364319291,26.624212155765,2.34152713601371
1118,47.40325016739,187.242728840178,27.3077057863043,2.41281625986798
1119,47.1328647341359,185.215034233016,28.022141957061,2.49394360956496
1120,46.8592925433631,183.204930750847,28.767520668035,2.60075675492237
1121,46.5857203525902,181.212418393671,29.5438419192263,2.7332556959402
1122,46.3121481618174,179.237497161487,30.351105710635,2.89808524873886
1123,46.0385759710446,177.280167054296,31.1836485553138,3.09227064435881
1124,45.7650037802717,175.337208326529,32.0161913999927,3.2899959944486
1125,45.4914315894989,173.394249598761,32.8487342446716,3.47027683579908
1126,45.2337441840909,171.451290870994,33.7505009810749,3.63311316841025
1127,44.9999749202278,169.508332143226,34.8443689913389,3.79215474838728
1128,44.7901237979096,167.570000303842,36.1303382754635,3.98452081403373
1129,44.6041908171361,165.713457799862,37.6084088334488,4.19997565380775
1130,44.4421759779076,163.938704631286,39.2785806652948,4.43851926770935
1131,44.2881944948591,162.245740798115,41.0716298792769,4.70015165573851
1132,44.1342130118105,160.634566300348,42.864679093259,4.98525122145335
1133,43.980231528762,159.100554249603,44.7154495201603,5.38134685319969
1134,43.8262500457134,157.566542198857,46.6348172729407,5.82700461234445
1135,43.6722685626649,156.032530148112,48.6227823516003,6.30474164544193
1136,43.5182870796164,154.498518097367,50.6793447561389,6.84195140034766
1137,43.3643055965678,152.964506046621,53.5804638588565,7.50768880388603
1138,43.2389680329573,151.430493995876,57.3267260133901,8.18028049836723
1139,43.1444267659565,149.901812912286,61.90725510678,8.94179172855731
1140,43.0806817955655,148.381643277475,67.3100437412086,9.80331036206527
1141,43.0477331217841,146.869985091443,72.9073374448368,10.7368825543892
1142,43.0455807446125,145.366838354189,77.9231768453646,11.6234825062297
1143,43.0455807446125,143.872203065713,82.2992543762357,12.4631102175869
1144,43.0455807446125,142.380748258861,86.0355700374502,13.5609954125299
1145,43.0455807446125,140.889293452008,89.1441312268253,15.2901347747103
1146,43.0455807446125,139.397838645155,92.0582680333426,17.1933186247581
1147,43.0455807446125,137.872888724881,94.730477440827,19.2998448593644
1148,43.0455807446125,136.306259949561,97.1607594492786,21.5580376960251
1149,43.0455807446125,134.697952319196,99.3491140586972,23.621683175889
1150,43.0455807446125,133.047965833786,101.295541269083,25.1241796011413
1151,43.0455807446125,131.356300493331,103.194465463293,26.4393637372384
1152,43.1121981226467,129.656451411252,105.093389657504,27.5571056246819
1153,43.2920089618856,127.956602329173,106.992313851715,28.5290810459759
1154,43.5850132623291,126.256753247094,108.88358811355,29.4069931972114
1155,43.9912110239773,124.752215098697,110.767064011143,31.4673443512158
1156,44.5106022468302,123.44677750787,112.642741544494,34.0497514337381
1157,45.0765695528535,122.340440474611,114.510620713604,36.7977226091146
1158,45.6346556958024,121.433203998922,116.370701518471,39.7112578773453
1159,46.0795483775466,120.725068080801,118.230633891471,42.7903572384301
1160,46.4112475980861,120.020721786567,120.090566264472,44.7095168936269
1161,46.629753357421,119.316375492333,121.884735782903,46.1980711776768
1162,46.7350656555511,118.6120291981,123.26343393325,47.6226418857423
1163,46.7350656555511,117.907682903866,124.226660715513,48.9832290178233
1164,46.7350656555511,117.203336609632,124.77441612969,50.2798325739197
1165,46.7350656555511,116.440426191157,124.906700175783,51.5614540799463
1166,46.7350656555511,115.571175620637,124.689275708361,52.8244948221026
1167,46.7350656555511,114.595584898072,124.471851240938,54.0122928158784
1168,46.7350656555511,113.513654023462,124.254426773516,55.1248480612736
1169,46.7350656555511,112.325382996808,124.037002306094,56.1621605582883
1170,46.7350656555511,111.089335942349,123.819577838671,57.1242303069224
1171,46.7350656555511,109.85328888789,123.602153371249,58.040536495012
1172,46.7350656555511,108.617241833432,123.384728903826,59.2993090264397
1173,46.7350656555511,107.381194778973,123.18575346303,60.9005479012053
1174,46.7350656555511,106.176423588139,123.030262915719,62.8442531193089
1175,46.7350656555511,105.045370519452,122.918257261892,65.1304246807505
1176,46.7350656555511,103.988035572913,122.84973650155,67.7481641615642
1177,46.703228480386,103.00441874852,122.824700634692,70.405424634981
1178,46.6324087166459,102.094520046274,122.824700634692,73.1110760409073
1179,46.522606364331,101.22706360255,122.824700634692,75.8651183793432
1180,46.3738214234412,100.359607158826,122.824700634692,78.6675516502886
1181,46.1860538939766,99.4921507151021,122.824700634692,81.5183758537437
1182,45.9911409511022,98.6246942713783,122.824700634692,84.3780699971053
1183,45.7962280082278,97.7572378276544,122.824700634692,87.2845286389769
1184,45.6013150653534,96.8897813839306,122.824700634692,90.3480198295682
1185,45.406402122479,96.0223249402067,122.824700634692,93.5685435688794
1186,45.2114891796046,94.7883822846927,122.824700634692,96.9460998569104
1187,45.0165762367303,93.0234855305951,122.824700634692,100.426519313505
1188,44.8216632938559,90.7745272114089,122.824700634692,103.877038906989
1189,44.6267503509815,88.5617689315485,122.824700634692,107.187390587151
1190,44.4318374081071,86.3852106910141,122.824700634692,110.357574353991
1191,44.1652854954164,84.6113387015957,122.824700634692,113.373792745745
1192,43.7479527757582,83.4046208500868,122.824700634692,116.274972649898
1193,43.1798392491326,82.7181646029924,122.824700634692,119.147112599617
1194,42.4609449155395,82.031708355898,122.824700634692,121.990212594902
1195,41.5912697749789,81.3452521088036,122.824700634692,124.804272635753
1196,40.6424527972671,80.6587958617091,122.824700634692,127.603090183936
1197,39.6936358195554,79.9723396146147,122.788039184789,130.401907732118
1198,38.7448188418436,79.2858833675203,122.71303771369,133.557834429563
1199,37.8592201625785,78.5994271204259,122.599696221397,137.087220779793
1200,37.0705168828753,77.9129708733315,122.448014707909,140.990066782809
1201,36.3787090027341,77.2265146262371,122.257993173225,145.266372438609
1202,35.7837965221548,76.5400583791426,122.066293067251,149.916137747194
1203,35.2857794411375,75.8912871600305,121.874592961277,154.084057725718
1204,34.8214394612355,75.2933662092526,121.682892855302,157.579737475771
1205,34.3570994813335,74.7462955268089,121.491192749328,160.403176997353
1206,33.8927595014315,74.2500751126993,121.299492643354,162.554376290465
1207,33.4284195215295,73.804704966924,121.107792537379,164.033335355106
1208,32.9811229508576,73.3725000615005,120.916092431405,165.338250024861
1209,32.5662297149137,72.940295156077,120.724392325431,166.643164694616
1210,32.1837398136976,72.5080902506536,120.446242974251,167.948079364371
1211,31.8336532472093,72.0758853452301,120.073965044785,167.997921774392
1212,31.515970015449,71.6436804398066,119.607558537033,166.681203178878
1213,31.2136467091863,71.2114755343831,119.047023450995,163.997923577832
1214,30.9113234029237,70.7792706289597,118.392359786671,159.948082971252
1215,30.6090000966611,70.3470657235362,117.730016789266,154.531681359139
1216,30.3066767903984,69.9148608181127,117.06767379186,148.359538845385
1217,30.0043534841358,69.4826559126893,116.405330794455,141.271348935046
1218,29.7054929058709,69.0504510072658,115.74298779705,133.381864976341
1219,29.4428021774864,68.6182461018423,115.080644799645,125.774987220482
1220,29.2162812989825,68.1315798082871,114.418301802239,118.450715667469
1221,29.0259302703591,67.5761452266714,113.755958804834,112.053302473145
1222,28.8717490916161,66.9519423569951,113.093615807429,106.854542878251
1223,28.750275034756,66.2589711992582,112.431272810024,102.739683534569
1224,28.6288009778959,65.4972317534607,111.845342214646,98.1628211503645
1225,28.5073269210358,64.7496151699624,111.391880218749,93.0613215441073
1226,28.3858528641757,64.0512844443353,111.070886822333,87.4351847157977
1227,28.2643788073156,63.4022395765795,110.882362025399,81.2844106654359
1228,28.1429047504555,62.8024805666951,110.826305827945,75.2861401393237
1229,28.0214306935954,62.2520074146819,110.826305827945,69.9238418214808
1230,27.8999566367353,61.722390358312,110.826305827945,65.260149893436
1231,27.7784825798752,61.192773301942,110.826305827945,61.2950643551891
1232,27.6570085230151,60.6631562455721,110.826305827945,58.0285852067402
1233,27.5479959833614,60.1335391892022,110.826305827945,54.7537826640847
1234,27.45550730804,59.6039221328322,110.826305827945,51.4394801143725
1235,27.3795424970509,59.0743050764623,110.826305827945,48.0856775576037
1236,27.3201015503941,58.5446880200924,110.826305827945,44.6923749937784
1237,27.2771844680697,58.0137227587119,110.826305827945,41.5413241986171
1238,27.2383297328711,57.4811578464651,110.826305827945,38.7148620907714
1239,27.1994749976725,56.946993283352,110.826305827945,36.2226996395953
1240,27.1606202624739,56.4112290693725,110.780271589953,34.0648368450888
1241,27.1217655272753,55.8738652045266,110.684816360762,32.4560814462588
1242,27.0829107920767,55.3362498938248,110.539940140371,31.1304851395563
1243,27.0440560568782,54.7986345831231,110.345642928781,30.0355000440324
1244,27.0052013216796,54.2610192724214,110.101924725991,29.1711261596873
1245,26.966346586481,53.7234039617196,109.854819769995,28.5373634865208
1246,26.9274918512824,53.1857886510179,109.607714813998,27.919404285526
1247,26.8953698450703,52.692534154996,109.360609858001,27.3014450845312
1248,26.8795668276415,52.3068027211145,109.113504902004,26.6834858835364
1249,26.8800827989962,52.0285943493734,108.906184327249,26.0655266825416
1250,26.8969177591343,51.8579090397725,108.748284743693,25.138078006959
1251,26.9300717080558,51.7947467923121,108.639806151336,24.0073174829363
1252,26.9728119167742,51.7947467923121,108.580748550178,22.8534988539492
1253,27.0155521254927,51.7947467923121,108.57111194022,21.6766221199976
1254,27.0582923342111,51.7947467923121,108.57111194022,20.4766872810817
1255,27.1010325429295,51.7947467923121,108.57111194022,19.593045681248
1256,27.143772751648,51.7947467923121,108.57111194022,18.9402806975987
1257,27.1865129603664,51.7947467923121,108.57111194022,18.338138586658
1258,27.2292531690849,51.7947467923121,108.57111194022,17.7866193484259
1259,27.2719933778033,51.7856045694566,108.558410780194,17.2857229829024
1260,27.3188723587352,51.7629891358684,108.511818890442,16.8055876206287
1261,27.3767948986964,51.7269004915474,108.431336270963,16.3275479528198
1262,27.4457609976868,51.6773386364938,108.316962921758,15.879030203999
1263,27.5257706557064,51.6143035707074,108.168698842826,15.4600343741665
1264,27.6168238727552,51.5469375170439,107.999245194194,15.0705604633221
1265,27.7147818766197,51.4795714633803,107.829791545562,14.710608471466
1266,27.8127398804843,51.4122054097168,107.66033789693,14.3780827041334
1267,27.9106978843488,51.3448393560532,107.490884248298,14.0455569368008
1268,28.0086558882134,51.2774733023897,107.321430599666,13.7130311694681
1269,28.106613892078,51.2101072487261,107.151976951034,13.3841910852198
1270,28.2045718959425,51.1427411950625,106.982523302402,13.0701942883325
1271,28.3025298998071,51.075375141399,106.81306965377,12.7710407788062
1272,28.3879346650808,51.0080090877354,106.693498084681,12.4867305566408
1273,28.4537478295817,50.9406430340719,106.721959617928,12.2205299787893
1274,28.4999693933096,50.8705699743587,106.898454253513,11.9751804453733
1275,28.5265993562647,50.7189249239205,107.222981991433,11.7395243521164
1276,28.5336377184468,50.4857078827575,107.69554283169,11.5135616990184
1277,28.5336377184468,50.1709188508696,108.26625469474,11.2972924860794
1278,28.5336377184468,49.7745578282568,108.836966557789,11.0874503563465
1279,28.5336377184468,49.2993318209688,109.407678420839,10.8776082266137
1280,28.5336377184468,48.8241058136807,110.016352511299,10.6891956072164
1281,28.5336377184468,48.3488798063926,110.698842239129,10.5269783651121
1282,28.5336377184468,47.8736537991046,111.455147604329,10.390956500301
1283,28.5336377184468,47.3984277918165,112.285268606899,10.2811300127829
1284,28.5336377184468,46.9232017845285,113.189205246838,10.197498902558
1285,28.5404900616422,46.4736219051067,114.128995296738,10.1186336592907
1286,28.5587072196046,46.0665768906763,115.068785346637,10.0397684160234
1287,28.5882891923341,45.7020667412373,116.008575396537,9.96090317275612
1288,28.6292359798305,45.3800914567896,116.948365446436,9.88203792948882
1289,28.6815475820939,45.1006510373332,117.888155496335,9.80317268622153
1290,28.7383716559289,44.8380993550019,118.827945546235,9.71511892638417
1291,28.7951957297639,44.5755476726706,119.767735596134,9.60337260068143
1292,28.852019803599,44.3129959903393,120.707525646034,9.46793370911331
1293,28.908843877434,44.050444308008,121.647315695933,9.30880225167981
1294,28.965667951269,43.7878926256767,122.587105745833,9.12597822838094
1295,29.0259274377133,43.5244065462479,123.526895795732,8.92865015578675
1296,29.1060790808163,43.2555100036353,124.466685845631,8.73132208319256
1297,29.2061228805779,42.9812029978387,125.406475895531,8.55579333066362
1298,29.3260588369982,42.7014855288584,126.459898934351,8.40535236398129
1299,29.4658869500772,42.4163575966941,127.94809574003,8.27999918314556
1300,29.6221718072055,42.1267535984435,129.871066312567,8.17973378815643
1301,29.7784566643338,41.8371496001928,132.228810651961,8.1045561790139
1302,29.9347415214621,41.5475456019421,135.021328758214,8.03266703565273
1303,30.0800857974656,41.2579416036915,138.134987642403,7.96077789229155
1304,30.1941731020435,40.9683376054408,141.248646526593,7.88888874893037
1305,30.2770034351957,40.6787336071901,144.362305410782,7.81699960556919
1306,30.3285767969223,40.3891296089395,147.475964294971,7.74813813424019
1307,30.3488931872232,40.1189019536902,150.589623179161,7.68335455504034
1308,30.3488931872232,39.8928439673689,153.70328206335,7.62264886796964
1309,30.3488931872232,39.7109556499758,156.935373101007,7.56602107302811
1310,30.3488931872232,39.5732370015106,160.309961301106,7.51347117021572
1311,30.3488931872232,39.4796880219736,163.827046663646,7.46197148750031
1312,30.3508585258878,39.4109323683631,167.48662918863,7.4104718047849
1313,30.3616150082255,39.3421767147527,171.288708876055,7.35897212206949
1314,30.3811626342361,39.2734210611423,175.114853572456,7.30747243935408
1315,30.4095014039198,39.2046654075319,178.940998268857,7.25597275663867
1316,30.4466313172764,39.1359097539215,182.767142965258,7.20447307392326
1317,30.4905870356412,39.0671541003111,186.593287661658,7.15306030232812
1318,30.5345427540061,38.9983984467007,190.419432358059,7.11194746727606
1319,30.578498472371,38.9553534170717,194.24557705446,7.08113456876708
1320,30.6224541907359,38.9487950679651,198.075130795555,7.06062160680119
1321,30.6664099091008,38.9787233993809,201.939794092284,7.05040858137837
1322,30.7103656274657,39.0451384113192,205.839566944648,7.05040858137837
1323,30.7543213458305,39.1480401037798,209.774449352646,7.05761141760383
1324,30.7982770641954,39.2617178527816,213.744441316277,7.07389364470391
1325,30.8422327825603,39.3753956017833,217.746133790849,7.0992552626786
1326,30.8861885009252,39.4890733507851,221.747826265421,7.13369627152791
1327,30.9399836758687,39.6027510997868,225.749518739992,7.17721667125184
1328,31.0049349952455,39.7164288487885,229.751211214564,7.22261362562492
1329,31.0810424590557,39.8301065977903,233.752903689135,7.26993671074685
1330,31.1683060672993,39.943784346792,237.754596163707,7.32427881377159
1331,31.2667258199763,40.0574620957938,241.747056045775,7.38563993469913
1332,31.3664622605081,40.1711398447955,245.725670961467,7.45402007352948
1333,31.4661987010398,40.2844473153183,249.690440910784,7.52941923026262
1334,31.5659351415716,40.3967349465227,253.641365893725,7.60991127414971
1335,31.6656715821033,40.5080027384085,257.578445910291,7.6904033180368
1336,31.7654080226351,40.6182506909759,261.510913552985,7.77089536192388
1337,31.8651444631668,40.7274788042247,265.443381195679,7.86514080429772
1338,31.9648809036986,40.836057356634,269.375848838374,7.98983199391394
1339,32.0646173442304,40.9446359090433,273.308316481068,8.14496893077255
1340,32.1634655225321,41.0532144614525,277.240784123762,8.33055161487354
1341,32.2612614745883,41.1617930138618,281.173251766456,8.54658004621692
1342,32.3580052003989,41.2703715662711,285.10571940915,8.77930082631593
1343,32.4536966999639,41.3789501186803,289.038187051844,9.01202160641495
1344,32.5483359732834,41.4875286710896,292.970654694538,9.24474238651397
1345,32.6428112825873,41.5961072234989,296.903788929891,9.55026640184002
1346,32.7372865918912,41.7046857759081,300.838972497812,9.9715250263239
1347,32.8317619011951,41.8132643283174,304.776205398302,10.5085182599656
1348,32.926237210499,41.9218428807267,308.71548763136,11.1612461027651
1349,33.0207125198028,42.0375560613242,312.656819196988,11.9297085547225
1350,33.1151878291067,42.1632100290746,316.599533502526,12.7411023806107
1351,33.2096631384106,42.2988047839778,320.542247808063,13.563712283848
1352,33.3041384477145,42.4443403260339,324.484962113601,14.4881456886542
1353,33.3986137570184,42.5998166552428,328.427676419139,15.5144025950292
1354,33.4835925651499,42.7580991434164,332.370390724677,16.8001069667344
1355,33.5496763114207,42.9163816315899,336.313105030215,18.5079538208291
1356,33.5968649958307,43.0746641197635,340.255819335752,20.6537139703627
1357,33.6251586183799,43.232946607937,344.19853364129,22.7642688646737
1358,33.6345571790684,43.3912290961106,348.141247946828,24.7947578156692
1359,33.6345571790684,43.5495115842842,352.083962252366,26.5875568595879
1360,33.6345571790684,43.7077940724577,356.026676557904,27.9799709793704
1361,33.6345571790684,43.8660765606313,360.723473365253,28.9450132846182
1362,33.6345571790684,44.0243590488048,366.529361266919,29.8651949017732
1363,33.6345571790684,44.1826415369784,373.4443402629,30.9287079827836
1364,33.6345571790684,44.3409240251519,381.468410353197,32.373289898646
1365,33.6345571790684,44.4992065133255,390.601571537811,34.1989406493605
1366,33.6654557958886,44.6637419467026,400.089741314928,36.0978529653401
1367,33.7365571664721,44.8364132011029,409.577911092046,37.9773404650264
1368,33.8478612908186,45.0172202765263,419.066080869164,39.694071684564
1369,33.9993681689282,45.2061631729729,429.509868981798,41.0103092529564
1370,34.191077800801,45.4032418904426,441.068433140218,41.9260531702034
1371,34.3920915696165,45.602203483732,453.741773344424,43.509468640803
1372,34.5931053384321,45.8011650770213,467.529889594416,46.2183107555751
1373,34.7941191072477,46.0001266703106,482.432781890195,49.3059773620031
1374,34.9951328760633,46.1990882636,498.152912459782,52.7724684600869
1375,35.1961466448789,46.3980498568893,514.897918102182,57.1996652564446
1376,35.3971604136944,46.5970114501787,532.667798817394,61.7571559177846
1377,35.59817418251,46.795973043468,551.462554605418,65.3085832418896
1378,35.7991879513256,46.9949346367573,571.282185466255,68.6005493812762
1379,36.0002017201412,47.1938962300467,590.816565268888,71.6330543359444
1380,36.198392072827,47.3979546867179,608.823860402454,73.8242168992762
1381,36.389970011134,47.6139499501388,625.304070866953,75.244090969652
1382,36.5749355350621,47.8418820203092,640.257196662384,76.6639650400278
1383,36.7532886446113,48.0817508972292,653.683237788748,79.3870321037539
1384,36.9250293397816,48.3335565808988,666.234239813519,83.7004707752931
1385,37.0929810367028,48.5922022079361,678.78524183829,89.1403347301079
1386,37.2609327336239,48.8508478349734,702.75274906395,93.9807628977784
1387,37.428884430545,49.1094934620106,739.292308551033,98.2217552783045
1388,37.5968361274662,49.3681390890479,788.403920299538,100.560118878336
1389,37.7706352137051,49.6267847160852,850.087584309466,100.70867508341
1390,37.9638915091768,49.8854303431224,923.004515540251,99.1313702180641
1391,38.1766050138812,50.1440759701597,995.733837307657,97.6754253823669
1392,38.4087757278183,50.4439264311838,1067.12000255115,96.3412368485595
1393,38.6604036509882,50.8032385182436,1137.16301127073,95.1288046166421
1394,38.925641394073,51.2220122313391,1205.8628634664,94.0381286866146
1395,39.1908791371579,51.7002475704703,1274.55834417872,93.0692090584771
1396,39.4561168802427,52.2379445356373,1347.47402926613,92.1006857025809
1397,39.7213546233275,52.793898292853,1429.22147178128,91.1321623466847
1398,39.9859521576068,53.3498520500688,1519.80067172417,90.2479315200122
1399,40.2468716839624,53.9058058072846,1607.15199891422,89.8479623712878
1400,40.5041132023943,54.4169792087391,1689.47795966907,89.9322549005116
1401,40.7576767129025,54.8766977208548,1762.55834961365,90.5008091076834
1402,41.007562215487,55.2849613436316,1821.78161569529,91.5536249928033
1403,41.2544099189533,55.6417700770694,1867.14775791399,93.0064100266476
1404,41.5012576224196,55.9471239211684,1910.71640645035,94.5839129222821
1405,41.748105325886,56.2458032316897,1954.2850549867,96.2914734419065
1406,41.9949530293523,56.5444825422111,1997.85370352306,98.129091585521
1407,42.2418007328186,56.8431618527324,2041.42235205941,100.076745075902
1408,42.4886484362849,57.1418411632538,2090.91548369776,101.733841559513
1409,42.7513963602351,57.4405204737751,2148.37353369304,102.975663174566
1410,43.035520656745,57.7391997842964,2213.79650204527,103.79687015886
1411,43.3410213258145,58.0486819542766,2287.18438875444,104.197462512395
1412,43.6678983674436,58.4374443298729,2368.53719382054,104.197462512395
1413,44.0161517816325,58.9054869110854,2448.59505720619,104.197462512395
1414,44.369881347897,59.4528096979139,2522.34429801685,104.197462512395
1415,44.7236109141616,60.0794126903585,2589.78491625252,104.127928042452
1416,45.0773404804262,60.7744930289604,2650.9169119132,103.749243034665
1417,45.4310700466908,61.4695733675623,2705.7402849989,103.061407489034
1418,45.7847996129554,62.1646537061643,2757.59041244503,102.064421405561
1419,46.1367761329752,62.8597340447662,2809.378706809,100.758284784244
1420,46.4831622325249,63.5546941402406,2854.85761009741,99.2125320950273
1421,46.8239579116046,64.2373847371123,2894.02712231026,97.6667794058105
1422,47.1591631702141,64.9078058353811,2926.88724344755,96.1210267165938
1423,47.4887780083535,65.5659574350471,2953.43797350928,94.6355321004817
1424,47.8145554722677,66.2118395361102,2973.74114557762,93.2998438584558
1425,48.1403329361818,66.845572381698,2994.04431764596,92.1139619905161
1426,48.466110400096,67.4793052272858,3014.34748971429,91.0778864966627
1427,48.7918878640101,68.1145041068698,3034.65066178263,90.1916173768955
1428,49.1299325147036,68.7526894131699,3054.95383385097,89.39489655811
1429,49.533535442398,69.3938611461862,3072.91574018565,88.5981757393245
1430,50.0026966470934,70.0380193059185,3088.22717276523,87.801454920539
1431,50.5374161287897,70.6851638923669,3100.88813158971,87.0047341017535
1432,51.1376938874871,71.3338288715351,3110.89861665909,86.1653525572573
1433,51.7912627364061,71.9824938507034,3118.25862797338,85.1712788135478
1434,52.444831585325,72.6311588298717,3125.30943126622,84.022512870625
1435,53.1061954406679,73.2798238090399,3132.36023455907,82.7190547284889
1436,53.7792246659348,73.9224698897882,3139.41103785192,81.2609043871395
1437,54.4639192611256,74.5486003836799,3146.46184114476,79.6907225722876
1438,55.1602792262404,75.1582152907152,3153.29270586823,78.1205407574356
1439,55.8683045612792,75.751314610894,3159.83298365494,76.5503589425837
1440,56.5802002598182,76.3278983442163,3166.0826745049,74.9801771277317
1441,57.2920959583571,76.8939853891022,3172.04177841811,73.4356380700162
1442,58.003991656896,77.460072433988,3177.71029539458,72.062833205398
1443,58.715887355435,78.0261594788738,3183.30816400367,70.8617625338772
1444,59.4277830539739,78.5922465237596,3188.90603261276,69.8324260554537
1445,60.1396787525128,79.1583335686455,3194.50390122185,68.9748237701275
1446,60.8515744510518,79.7244206135313,3200.10176983095,68.2633129207622
1447,61.515515394707,80.2905076584171,3205.69963844004,67.551802071397
1448,62.1281236703835,80.856594703303,3211.29750704913,66.8402912220317
1449,62.6893992780813,81.4226817481888,3216.86978783769,66.0662305189869
1450,63.1993422178002,81.9924901958075,3221.32249490444,65.1006722216895
1451,63.6579524895404,82.7251255126807,3224.65562824936,63.9436163301396
1452,64.1131848481854,83.6205876988085,3226.86918787247,62.5950628443371
1453,64.5684172068305,84.6788767541909,3227.96317377376,61.0550117642821
1454,65.0236495654756,85.8999926788278,3227.96317377376,59.3989217591358
1455,65.4788819241206,87.2802140699864,3227.96317377376,57.8585910491476
1456,65.9341142827657,88.660435461145,3227.96317377376,56.4340196343176
1457,66.3893466414108,89.9786304961742,3227.96317377376,55.1252075146458
1458,66.8410407157137,91.1737460909785,3227.96317377376,53.9321546901322
1459,67.2750587120887,92.2457822455579,3224.98307092368,52.8419523452949
1460,67.6914006305358,93.1947389599124,3218.67842005587,51.7517500004577
1461,68.0900664710551,94.0206162340419,3209.04922117034,50.6615476556205
1462,68.4710562336464,94.785440424076,3196.09547426709,49.5871040007811
1463,68.837908202652,95.5502646141101,3179.81717934611,48.5672202254495
1464,69.2047601716576,96.3150888041441,3163.19443925749,47.6018963296257
1465,69.5716121406632,97.0799129941782,3146.57169916886,46.6911323133098
1466,69.9384641096688,97.8447371842123,3129.81380231742,45.8349281765018
1467,70.3053160786744,98.6095613742463,3111.22232733919,45.0175252292039
1468,70.67216804768,99.3743855642804,3090.79727423415,44.200122281906
1469,71.0390200166856,100.139209754314,3068.53864300232,43.3827193346081
1470,71.4467396786933,100.910933062477,3044.4464336437,42.5729596665945
1471,71.9421297360999,101.697456531104,3018.65580292109,41.7795965521362
1472,72.5251901889055,102.498780160195,2992.86517219848,41.0026299912334
1473,73.1959210371101,103.31490394975,2967.07454147587,40.2420599838859
1474,73.9543222807135,104.145827899769,2941.28391075326,39.4978865300939
1475,74.7595262267139,104.984652892124,2915.49328003065,38.762466350573
1476,75.5647301727143,105.823477884479,2889.70264930804,38.0270461710522
1477,76.3699341187147,106.662302876834,2863.91201858543,37.3516053568734
1478,77.175138064715,107.501127869189,2837.57375308488,36.7394839801254
1479,77.9803420107154,108.339952861544,2809.62332712064,36.1906820408081
1480,78.7855459567158,109.173810194848,2780.06074069269,35.7051995389216
1481,79.5907499027161,109.869330263349,2748.88599380105,35.2830364744659
1482,80.3426858573098,110.426513067047,2716.0990864457,34.8509612725479
1483,81.0218642077189,110.845358605943,2682.2476534046,34.4007851625307
1484,81.6282849539436,111.125866880035,2648.3962203635,33.9325081444144
1485,82.1619480959839,111.273005548376,2614.72758804213,33.4461302181989
1486,82.6228536338397,111.420144216718,2581.28166917103,32.9416513838842
1487,83.0642695589178,111.567282885059,2548.05846375019,32.4323238510213
1488,83.5056854839958,111.7144215534,2515.05797177962,31.9229963181584
1489,83.9471014090739,111.861560221741,2482.28019325931,31.4136687852956
1490,84.388517334152,112.008698890082,2449.54232746953,30.9355647551041
1491,84.82993325923,112.155837558423,2416.80446167974,30.4917930850998
1492,85.2713491843081,112.302976226764,2384.06659588996,30.0823537752827
1493,85.7127651093862,112.450114895105,2351.32873010018,29.7072468256527
1494,86.0966655301294,112.597253563446,2320.40328092423,29.36647223621
1495,86.4229413924753,112.744392231787,2292.08815207282,29.0288065042831
1496,86.691592696424,112.894115954314,2266.38334354595,28.6911407723562
1497,86.9026194419754,113.050458736318,2243.28885534362,28.3534750404292
1498,87.0560216291295,113.213420577798,2222.80468746584,28.0158093085023
1499,87.2093147622212,113.383001478755,2203.11842329877,27.6781435765754
1500,87.3626078953129,113.559201439188,2183.4321591317,27.3417034649499
1501,87.5159010284046,113.739435404912,2163.74589496463,27.0078209576478
1502,87.6691941614963,113.919669370635,2144.05963079756,26.6764960546692
1503,87.822487294588,114.099903336359,2121.07069234406,26.3477287560141
1504,87.9757804276798,114.280137302083,2092.26581132921,26.0215190616824
1505,88.1143526554946,114.460371267807,2057.644987753,25.6966413513727
1506,88.1971819258216,114.64060523353,2017.20822161543,25.3717636410631
1507,88.2242682386606,114.820839199254,1970.95551291651,25.0848440133252
1508,88.1956115940118,115.001073164978,1922.18953594266,24.837451486689
1509,88.111211991875,115.137445984853,1873.77063966505,24.6295860611545
1510,87.9857903375273,115.149476372095,1832.44014847694,24.4612477367215
1511,87.8603686831795,115.037164326704,1798.19806237834,24.3324365133903
1512,87.7349470288317,114.80050984868,1771.04438136925,24.2051943085889
1513,87.609525374484,114.439512938023,1750.97910544965,24.0779521037875
1514,87.4841037201362,113.99803474058,1737.65515392333,23.9584149885687
1515,87.3586820657885,113.556556543138,1724.331202397,23.8948644434626
1516,87.2332604114407,113.115078345696,1711.00725087067,23.887300468469
1517,87.1078387570929,112.673600148253,1697.68329934434,23.9357230635881
1518,86.9824171027452,112.232121950811,1684.35934781801,24.0401322288199
1519,86.8569954483974,111.790643753369,1671.03539629168,24.1928228745815
1520,86.6500036618713,111.349165555926,1657.71144476535,24.3455135203432
1521,86.3545892540519,110.907687358484,1644.38749323902,24.4658133622973
1522,85.970752224939,110.466209161041,1631.05713691626,24.5337621257045
1523,85.4984925745328,110.024730963599,1617.152992763,24.5493598105648
1524,84.9378103028332,109.583252766157,1602.67506077923,24.5126064168782
1525,84.3702755420185,109.142228485219,1587.62334096495,24.4235019446448
1526,83.8027407812038,108.701845889328,1571.99783332017,24.3144371976722
1527,83.2352060203891,108.262104978485,1555.80494264131,24.2053724506996
1528,82.6676712595745,107.823005752688,1539.61205196245,24.0963077037269
1529,82.1332780894086,107.384548211939,1523.4191612836,23.9872429567543
1530,81.6405179178484,106.946278439732,1507.24036645841,23.8710647838807
1531,81.1893907448938,106.508008667526,1491.13635825519,23.7404360993183
1532,80.7798965705449,106.069738895319,1475.10713667394,23.5953569030671
1533,80.4120353948017,105.631469123112,1459.15270171466,23.4358271951272
1534,80.0526656270154,105.193199350906,1443.27305337734,23.2618469754984
1535,79.6932958592291,104.754929578699,1427.45409580832,23.0805296700818
1536,79.3339260914428,104.316659806492,1411.63513823931,22.8992123646652
1537,78.9745563236565,103.878390034286,1395.81618067029,22.7178950592486
1538,78.5999529525661,103.440120262079,1379.99722310127,22.5161176244224
1539,78.2025985922429,103.001850489872,1364.03438445082,22.2837835199362
1540,77.7824932426871,102.563580717666,1345.75160795852,22.0208927457898
1541,77.3396369038985,102.125310945459,1325.14889362436,21.7274453019834
1542,76.8740295758772,101.687041173252,1302.22624144834,21.4034411885169
1543,76.4009048619273,101.248771401046,1276.98365143047,21.0693405347999
1544,75.9277801479774,100.801356269168,1249.56500465218,20.7339522265522
1545,75.4546554340275,100.293246691306,1222.14635787388,20.3900182206869
1546,74.9815307200776,99.7244426674584,1196.98669994239,20.0375385172038
1547,74.5084060061276,99.0949441976266,1175.98633677423,19.676513116103
1548,74.0352812921777,98.4047512818101,1159.14526836941,19.3069420173845
1549,73.5621565782278,97.6630092796798,1146.46349472792,18.9301128755789
1550,73.0890318642779,96.9212672775495,1137.94101584976,18.6043154786987
1551,72.5839183138531,96.1795252754193,1131.31884288813,18.3330649474934
1552,72.0281716949803,95.437783273289,1124.69666992649,18.116361281963
1553,71.4217920076595,94.6960412711588,1118.07449696485,17.9542044821075
1554,70.7647792518908,93.9542992690285,1111.45232400322,17.8465945479269
1555,70.057133427674,93.2125572668983,1104.83015104158,17.7424997344958
1556,69.3308433714842,92.470815264768,1098.13258661327,17.6384049210646
1557,68.6045533152944,91.7290732626378,1090.76711067854,17.5343101076335
1558,67.8782632591046,90.9873312605075,1082.73372323738,17.4302152942024
1559,67.2485739851595,90.2455892583773,1074.03242428982,17.3261204807713
1560,66.7382781550642,89.5415520835216,1064.66321383583,17.2209417110674
1561,66.3473757688189,88.9121312455586,1054.70148334211,17.1136178354907
1562,66.0758668264234,88.3573267444884,1044.73975284838,17.0041488540412
1563,65.9237513278778,87.8771385803109,1034.84880520808,16.8925347667187
1564,65.7944284909374,87.4715667530261,1025.07702557595,16.7787755735234
1565,65.665105653997,87.1029064353595,1015.424413952,16.6639552307279
1566,65.5357828170566,86.7342461176929,1005.89097033623,16.5491348879324
1567,65.4064599801162,86.3655858000264,996.476694728628,16.434314545137
1568,65.2771371431758,85.9969254823598,987.110804275781,16.3194942023415
1569,65.1407210542451,85.6282651646932,977.731300623366,16.204673859546
1570,64.9855820678982,85.2596048470266,968.17046696632,16.0898535167506
1571,64.811720184135,84.89094452936,958.428303304643,15.9750331739551
1572,64.6191354029556,84.5222842116934,948.504809638334,15.883443690908
1573,64.40782772436,84.1536238940268,938.399985967394,15.8219735416573
1574,64.1848904003384,83.7876928380395,928.12744549139,15.790622726203
1575,63.9619530763168,83.4384307094125,917.854905015386,15.7893912445452
1576,63.7390157522953,83.1058375081456,907.582364539382,15.8182790966837
1577,63.5160784282737,82.7899132342389,897.309824063379,15.8540554228703
1578,63.2931411042522,82.4906578876924,887.037283587375,15.8898317490569
1579,63.0702037802306,82.2053422068269,878.200831074849,15.9256080752435
1580,62.847266456209,81.9200265259613,870.878261028638,15.9613844014301
1581,62.6004046506093,81.6347108450957,865.069573448744,15.9925467810372
1582,62.3164409825561,81.3493951642301,860.774768335165,16.0165538954071
1583,61.9953754520497,81.0640794833646,857.993845687902,16.0334057445396
1584,61.6372080590898,80.778763802499,855.290717543477,16.0431023284348
1585,61.2419388036765,80.4934481216334,852.444452173648,16.0456436470927
1586,60.8334921673881,80.2091202253726,849.265086014874,16.0456436470927
1587,60.4250455310996,79.9270910451185,845.752619067156,16.0456436470927
1588,60.0165988948112,79.647360580871,842.097014894033,16.0456436470927
1589,59.6081522585227,79.3686179012283,837.728382804883,16.0456436470927
1590,59.1997056222343,79.0947958003959,837.728382804883,16.0456436470927
